State,Year,Month,Registrations,Month_Num,Date
ANDAMAN & NICOBAR ISLAND,2020,JAN,870,1,2020-01-01
ANDAMAN & NICOBAR ISLAND,2020,FEB,662,2,2020-02-01
ANDAMAN & NICOBAR ISLAND,2020,MAR,693,3,2020-03-01
ANDAMAN & NICOBAR ISLAND,2020,APR,157,4,2020-04-01
ANDAMAN & NICOBAR ISLAND,2020,MAY,121,5,2020-05-01
ANDAMAN & NICOBAR ISLAND,2020,JUN,612,6,2020-06-01
ANDAMAN & NICOBAR ISLAND,2020,JUL,615,7,2020-07-01
ANDAMAN & NICOBAR ISLAND,2020,AUG,2,8,2020-08-01
ANDAMAN & NICOBAR ISLAND,2020,SEP,581,9,2020-09-01
ANDAMAN & NICOBAR ISLAND,2020,OCT,651,10,2020-10-01
ANDAMAN & NICOBAR ISLAND,2020,NOV,687,11,2020-11-01
ANDAMAN & NICOBAR ISLAND,2020,DEC,565,12,2020-12-01
ANDAMAN & NICOBAR ISLAND,2021,JAN,525,1,2021-01-01
ANDAMAN & NICOBAR ISLAND,2021,FEB,540,2,2021-02-01
ANDAMAN & NICOBAR ISLAND,2021,MAR,636,3,2021-03-01
ANDAMAN & NICOBAR ISLAND,2021,APR,728,4,2021-04-01
ANDAMAN & NICOBAR ISLAND,2021,MAY,8,5,2021-05-01
ANDAMAN & NICOBAR ISLAND,2021,JUN,6,6,2021-06-01
ANDAMAN & NICOBAR ISLAND,2021,JUL,690,7,2021-07-01
ANDAMAN & NICOBAR ISLAND,2021,AUG,541,8,2021-08-01
ANDAMAN & NICOBAR ISLAND,2021,SEP,450,9,2021-09-01
ANDAMAN & NICOBAR ISLAND,2021,OCT,462,10,2021-10-01
ANDAMAN & NICOBAR ISLAND,2021,NOV,586,11,2021-11-01
ANDAMAN & NICOBAR ISLAND,2021,DEC,545,12,2021-12-01
ANDAMAN & NICOBAR ISLAND,2022,JAN,471,1,2022-01-01
ANDAMAN & NICOBAR ISLAND,2022,FEB,535,2,2022-02-01
ANDAMAN & NICOBAR ISLAND,2022,MAR,535,3,2022-03-01
ANDAMAN & NICOBAR ISLAND,2022,APR,615,4,2022-04-01
ANDAMAN & NICOBAR ISLAND,2022,MAY,510,5,2022-05-01
ANDAMAN & NICOBAR ISLAND,2022,JUN,581,6,2022-06-01
ANDAMAN & NICOBAR ISLAND,2022,JUL,568,7,2022-07-01
ANDAMAN & NICOBAR ISLAND,2022,AUG,613,8,2022-08-01
ANDAMAN & NICOBAR ISLAND,2022,SEP,673,9,2022-09-01
ANDAMAN & NICOBAR ISLAND,2022,OCT,611,10,2022-10-01
ANDAMAN & NICOBAR ISLAND,2022,NOV,638,11,2022-11-01
ANDAMAN & NICOBAR ISLAND,2022,DEC,698,12,2022-12-01
ANDAMAN & NICOBAR ISLAND,2023,JAN,616,1,2023-01-01
ANDAMAN & NICOBAR ISLAND,2023,FEB,596,2,2023-02-01
ANDAMAN & NICOBAR ISLAND,2023,MAR,769,3,2023-03-01
ANDAMAN & NICOBAR ISLAND,2023,APR,521,4,2023-04-01
ANDAMAN & NICOBAR ISLAND,2023,MAY,658,5,2023-05-01
ANDAMAN & NICOBAR ISLAND,2023,JUN,604,6,2023-06-01
ANDAMAN & NICOBAR ISLAND,2023,JUL,680,7,2023-07-01
ANDAMAN & NICOBAR ISLAND,2023,AUG,811,8,2023-08-01
ANDAMAN & NICOBAR ISLAND,2023,SEP,618,9,2023-09-01
ANDAMAN & NICOBAR ISLAND,2023,OCT,671,10,2023-10-01
ANDAMAN & NICOBAR ISLAND,2023,NOV,857,11,2023-11-01
ANDAMAN & NICOBAR ISLAND,2023,DEC,671,12,2023-12-01
ANDAMAN & NICOBAR ISLAND,2024,JAN,720,1,2024-01-01
ANDAMAN & NICOBAR ISLAND,2024,FEB,721,2,2024-02-01
ANDAMAN & NICOBAR ISLAND,2024,MAR,653,3,2024-03-01
ANDAMAN & NICOBAR ISLAND,2024,APR,670,4,2024-04-01
ANDAMAN & NICOBAR ISLAND,2024,MAY,741,5,2024-05-01
ANDAMAN & NICOBAR ISLAND,2024,JUN,605,6,2024-06-01
ANDAMAN & NICOBAR ISLAND,2024,JUL,784,7,2024-07-01
ANDAMAN & NICOBAR ISLAND,2024,AUG,711,8,2024-08-01
ANDAMAN & NICOBAR ISLAND,2024,SEP,615,9,2024-09-01
ANDAMAN & NICOBAR ISLAND,2024,OCT,805,10,2024-10-01
ANDAMAN & NICOBAR ISLAND,2024,NOV,706,11,2024-11-01
ANDAMAN & NICOBAR ISLAND,2024,DEC,728,12,2024-12-01
ANDAMAN & NICOBAR ISLAND,2025,JAN,719,1,2025-01-01
ANDAMAN & NICOBAR ISLAND,2025,FEB,636,2,2025-02-01
ANDAMAN & NICOBAR ISLAND,2025,MAR,672,3,2025-03-01
ANDAMAN & NICOBAR ISLAND,2025,APR,710,4,2025-04-01
ANDAMAN & NICOBAR ISLAND,2025,MAY,788,5,2025-05-01
ANDAMAN & NICOBAR ISLAND,2025,JUN,774,6,2025-06-01
ANDAMAN & NICOBAR ISLAND,2025,JUL,886,7,2025-07-01
ANDAMAN & NICOBAR ISLAND,2025,AUG,797,8,2025-08-01
ANDAMAN & NICOBAR ISLAND,2025,SEP,739,9,2025-09-01
ANDAMAN & NICOBAR ISLAND,2025,OCT,1040,10,2025-10-01
ANDAMAN & NICOBAR ISLAND,2025,NOV,899,11,2025-11-01
ANDAMAN & NICOBAR ISLAND,2025,DEC,999,12,2025-12-01
ANDAMAN & NICOBAR ISLAND,2026,JAN,1066,1,2026-01-01
ANDAMAN & NICOBAR ISLAND,2026,FEB,930,2,2026-02-01
ANDAMAN & NICOBAR ISLAND,2026,MAR,1131,3,2026-03-01
ANDAMAN & NICOBAR ISLAND,2026,APR,950,4,2026-04-01
ANDAMAN & NICOBAR ISLAND,2026,MAY,884,5,2026-05-01
ANDAMAN & NICOBAR ISLAND,2026,JUN,1061,6,2026-06-01
ANDAMAN & NICOBAR ISLAND,2026,JUL,936,7,2026-07-01
ANDHRA PRADESH,2020,JAN,95786,1,2020-01-01
ANDHRA PRADESH,2020,FEB,96370,2,2020-02-01
ANDHRA PRADESH,2020,MAR,102870,3,2020-03-01
ANDHRA PRADESH,2020,APR,11487,4,2020-04-01
ANDHRA PRADESH,2020,MAY,32869,5,2020-05-01
ANDHRA PRADESH,2020,JUN,82475,6,2020-06-01
ANDHRA PRADESH,2020,JUL,61630,7,2020-07-01
ANDHRA PRADESH,2020,AUG,85634,8,2020-08-01
ANDHRA PRADESH,2020,SEP,90646,9,2020-09-01
ANDHRA PRADESH,2020,OCT,128352,10,2020-10-01
ANDHRA PRADESH,2020,NOV,118541,11,2020-11-01
ANDHRA PRADESH,2020,DEC,80014,12,2020-12-01
ANDHRA PRADESH,2021,JAN,110373,1,2021-01-01
ANDHRA PRADESH,2021,FEB,85503,2,2021-02-01
ANDHRA PRADESH,2021,MAR,84829,3,2021-03-01
ANDHRA PRADESH,2021,APR,81266,4,2021-04-01
ANDHRA PRADESH,2021,MAY,52705,5,2021-05-01
ANDHRA PRADESH,2021,JUN,67632,6,2021-06-01
ANDHRA PRADESH,2021,JUL,76197,7,2021-07-01
ANDHRA PRADESH,2021,AUG,75389,8,2021-08-01
ANDHRA PRADESH,2021,SEP,67649,9,2021-09-01
ANDHRA PRADESH,2021,OCT,107189,10,2021-10-01
ANDHRA PRADESH,2021,NOV,82534,11,2021-11-01
ANDHRA PRADESH,2021,DEC,56074,12,2021-12-01
ANDHRA PRADESH,2022,JAN,76790,1,2022-01-01
ANDHRA PRADESH,2022,FEB,68194,2,2022-02-01
ANDHRA PRADESH,2022,MAR,68794,3,2022-03-01
ANDHRA PRADESH,2022,APR,72543,4,2022-04-01
ANDHRA PRADESH,2022,MAY,65476,5,2022-05-01
ANDHRA PRADESH,2022,JUN,55045,6,2022-06-01
ANDHRA PRADESH,2022,JUL,57831,7,2022-07-01
ANDHRA PRADESH,2022,AUG,71256,8,2022-08-01
ANDHRA PRADESH,2022,SEP,71355,9,2022-09-01
ANDHRA PRADESH,2022,OCT,90827,10,2022-10-01
ANDHRA PRADESH,2022,NOV,85429,11,2022-11-01
ANDHRA PRADESH,2022,DEC,64900,12,2022-12-01
ANDHRA PRADESH,2023,JAN,70423,1,2023-01-01
ANDHRA PRADESH,2023,FEB,69122,2,2023-02-01
ANDHRA PRADESH,2023,MAR,73882,3,2023-03-01
ANDHRA PRADESH,2023,APR,64720,4,2023-04-01
ANDHRA PRADESH,2023,MAY,73179,5,2023-05-01
ANDHRA PRADESH,2023,JUN,63345,6,2023-06-01
ANDHRA PRADESH,2023,JUL,68682,7,2023-07-01
ANDHRA PRADESH,2023,AUG,75629,8,2023-08-01
ANDHRA PRADESH,2023,SEP,70027,9,2023-09-01
ANDHRA PRADESH,2023,OCT,86753,10,2023-10-01
ANDHRA PRADESH,2023,NOV,98584,11,2023-11-01
ANDHRA PRADESH,2023,DEC,77066,12,2023-12-01
ANDHRA PRADESH,2024,JAN,70559,1,2024-01-01
ANDHRA PRADESH,2024,FEB,71464,2,2024-02-01
ANDHRA PRADESH,2024,MAR,86845,3,2024-03-01
ANDHRA PRADESH,2024,APR,72903,4,2024-04-01
ANDHRA PRADESH,2024,MAY,74161,5,2024-05-01
ANDHRA PRADESH,2024,JUN,68859,6,2024-06-01
ANDHRA PRADESH,2024,JUL,75222,7,2024-07-01
ANDHRA PRADESH,2024,AUG,62659,8,2024-08-01
ANDHRA PRADESH,2024,SEP,59646,9,2024-09-01
ANDHRA PRADESH,2024,OCT,107378,10,2024-10-01
ANDHRA PRADESH,2024,NOV,105745,11,2024-11-01
ANDHRA PRADESH,2024,DEC,56263,12,2024-12-01
ANDHRA PRADESH,2025,JAN,64777,1,2025-01-01
ANDHRA PRADESH,2025,FEB,72516,2,2025-02-01
ANDHRA PRADESH,2025,MAR,65437,3,2025-03-01
ANDHRA PRADESH,2025,APR,74834,4,2025-04-01
ANDHRA PRADESH,2025,MAY,66161,5,2025-05-01
ANDHRA PRADESH,2025,JUN,66860,6,2025-06-01
ANDHRA PRADESH,2025,JUL,65721,7,2025-07-01
ANDHRA PRADESH,2025,AUG,70244,8,2025-08-01
ANDHRA PRADESH,2025,SEP,51372,9,2025-09-01
ANDHRA PRADESH,2025,OCT,135134,10,2025-10-01
ANDHRA PRADESH,2025,NOV,129822,11,2025-11-01
ANDHRA PRADESH,2025,DEC,63184,12,2025-12-01
ANDHRA PRADESH,2026,JAN,71542,1,2026-01-01
ANDHRA PRADESH,2026,FEB,86703,2,2026-02-01
ANDHRA PRADESH,2026,MAR,100128,3,2026-03-01
ANDHRA PRADESH,2026,APR,95277,4,2026-04-01
ANDHRA PRADESH,2026,MAY,83979,5,2026-05-01
ANDHRA PRADESH,2026,JUN,98056,6,2026-06-01
ANDHRA PRADESH,2026,JUL,85789,7,2026-07-01
ARUNACHAL PRADESH,2020,JAN,4392,1,2020-01-01
ARUNACHAL PRADESH,2020,FEB,1716,2,2020-02-01
ARUNACHAL PRADESH,2020,MAR,3542,3,2020-03-01
ARUNACHAL PRADESH,2020,APR,860,4,2020-04-01
ARUNACHAL PRADESH,2020,MAY,356,5,2020-05-01
ARUNACHAL PRADESH,2020,JUN,872,6,2020-06-01
ARUNACHAL PRADESH,2020,JUL,597,7,2020-07-01
ARUNACHAL PRADESH,2020,AUG,1147,8,2020-08-01
ARUNACHAL PRADESH,2020,SEP,1689,9,2020-09-01
ARUNACHAL PRADESH,2020,OCT,1757,10,2020-10-01
ARUNACHAL PRADESH,2020,NOV,2095,11,2020-11-01
ARUNACHAL PRADESH,2020,DEC,2005,12,2020-12-01
ARUNACHAL PRADESH,2021,JAN,1950,1,2021-01-01
ARUNACHAL PRADESH,2021,FEB,2152,2,2021-02-01
ARUNACHAL PRADESH,2021,MAR,2522,3,2021-03-01
ARUNACHAL PRADESH,2021,APR,2204,4,2021-04-01
ARUNACHAL PRADESH,2021,MAY,1062,5,2021-05-01
ARUNACHAL PRADESH,2021,JUN,1471,6,2021-06-01
ARUNACHAL PRADESH,2021,JUL,1877,7,2021-07-01
ARUNACHAL PRADESH,2021,AUG,2097,8,2021-08-01
ARUNACHAL PRADESH,2021,SEP,2123,9,2021-09-01
ARUNACHAL PRADESH,2021,OCT,1951,10,2021-10-01
ARUNACHAL PRADESH,2021,NOV,2109,11,2021-11-01
ARUNACHAL PRADESH,2021,DEC,1995,12,2021-12-01
ARUNACHAL PRADESH,2022,JAN,1907,1,2022-01-01
ARUNACHAL PRADESH,2022,FEB,1783,2,2022-02-01
ARUNACHAL PRADESH,2022,MAR,2090,3,2022-03-01
ARUNACHAL PRADESH,2022,APR,2170,4,2022-04-01
ARUNACHAL PRADESH,2022,MAY,2545,5,2022-05-01
ARUNACHAL PRADESH,2022,JUN,2660,6,2022-06-01
ARUNACHAL PRADESH,2022,JUL,2484,7,2022-07-01
ARUNACHAL PRADESH,2022,AUG,2449,8,2022-08-01
ARUNACHAL PRADESH,2022,SEP,2271,9,2022-09-01
ARUNACHAL PRADESH,2022,OCT,1823,10,2022-10-01
ARUNACHAL PRADESH,2022,NOV,2535,11,2022-11-01
ARUNACHAL PRADESH,2022,DEC,2029,12,2022-12-01
ARUNACHAL PRADESH,2023,JAN,1941,1,2023-01-01
ARUNACHAL PRADESH,2023,FEB,1898,2,2023-02-01
ARUNACHAL PRADESH,2023,MAR,2543,3,2023-03-01
ARUNACHAL PRADESH,2023,APR,2144,4,2023-04-01
ARUNACHAL PRADESH,2023,MAY,2692,5,2023-05-01
ARUNACHAL PRADESH,2023,JUN,2614,6,2023-06-01
ARUNACHAL PRADESH,2023,JUL,2761,7,2023-07-01
ARUNACHAL PRADESH,2023,AUG,2917,8,2023-08-01
ARUNACHAL PRADESH,2023,SEP,2732,9,2023-09-01
ARUNACHAL PRADESH,2023,OCT,2784,10,2023-10-01
ARUNACHAL PRADESH,2023,NOV,3079,11,2023-11-01
ARUNACHAL PRADESH,2023,DEC,2849,12,2023-12-01
ARUNACHAL PRADESH,2024,JAN,2470,1,2024-01-01
ARUNACHAL PRADESH,2024,FEB,2668,2,2024-02-01
ARUNACHAL PRADESH,2024,MAR,2769,3,2024-03-01
ARUNACHAL PRADESH,2024,APR,3013,4,2024-04-01
ARUNACHAL PRADESH,2024,MAY,4737,5,2024-05-01
ARUNACHAL PRADESH,2024,JUN,3284,6,2024-06-01
ARUNACHAL PRADESH,2024,JUL,3069,7,2024-07-01
ARUNACHAL PRADESH,2024,AUG,2938,8,2024-08-01
ARUNACHAL PRADESH,2024,SEP,2727,9,2024-09-01
ARUNACHAL PRADESH,2024,OCT,3047,10,2024-10-01
ARUNACHAL PRADESH,2024,NOV,3136,11,2024-11-01
ARUNACHAL PRADESH,2024,DEC,2957,12,2024-12-01
ARUNACHAL PRADESH,2025,JAN,2922,1,2025-01-01
ARUNACHAL PRADESH,2025,FEB,2645,2,2025-02-01
ARUNACHAL PRADESH,2025,MAR,2854,3,2025-03-01
ARUNACHAL PRADESH,2025,APR,3312,4,2025-04-01
ARUNACHAL PRADESH,2025,MAY,3308,5,2025-05-01
ARUNACHAL PRADESH,2025,JUN,3495,6,2025-06-01
ARUNACHAL PRADESH,2025,JUL,4169,7,2025-07-01
ARUNACHAL PRADESH,2025,AUG,3803,8,2025-08-01
ARUNACHAL PRADESH,2025,SEP,3047,9,2025-09-01
ARUNACHAL PRADESH,2025,OCT,3977,10,2025-10-01
ARUNACHAL PRADESH,2025,NOV,3594,11,2025-11-01
ARUNACHAL PRADESH,2025,DEC,3435,12,2025-12-01
ARUNACHAL PRADESH,2026,JAN,3478,1,2026-01-01
ARUNACHAL PRADESH,2026,FEB,3397,2,2026-02-01
ARUNACHAL PRADESH,2026,MAR,3522,3,2026-03-01
ARUNACHAL PRADESH,2026,APR,3842,4,2026-04-01
ARUNACHAL PRADESH,2026,MAY,3706,5,2026-05-01
ARUNACHAL PRADESH,2026,JUN,3948,6,2026-06-01
ARUNACHAL PRADESH,2026,JUL,3181,7,2026-07-01
ASSAM,2020,JAN,37037,1,2020-01-01
ASSAM,2020,FEB,43260,2,2020-02-01
ASSAM,2020,MAR,50245,3,2020-03-01
ASSAM,2020,APR,1469,4,2020-04-01
ASSAM,2020,MAY,11631,5,2020-05-01
ASSAM,2020,JUN,27122,6,2020-06-01
ASSAM,2020,JUL,23372,7,2020-07-01
ASSAM,2020,AUG,29527,8,2020-08-01
ASSAM,2020,SEP,40390,9,2020-09-01
ASSAM,2020,OCT,50092,10,2020-10-01
ASSAM,2020,NOV,46879,11,2020-11-01
ASSAM,2020,DEC,45478,12,2020-12-01
ASSAM,2021,JAN,50903,1,2021-01-01
ASSAM,2021,FEB,45131,2,2021-02-01
ASSAM,2021,MAR,46331,3,2021-03-01
ASSAM,2021,APR,41268,4,2021-04-01
ASSAM,2021,MAY,19768,5,2021-05-01
ASSAM,2021,JUN,28780,6,2021-06-01
ASSAM,2021,JUL,30966,7,2021-07-01
ASSAM,2021,AUG,35128,8,2021-08-01
ASSAM,2021,SEP,34652,9,2021-09-01
ASSAM,2021,OCT,42571,10,2021-10-01
ASSAM,2021,NOV,40150,11,2021-11-01
ASSAM,2021,DEC,41364,12,2021-12-01
ASSAM,2022,JAN,36768,1,2022-01-01
ASSAM,2022,FEB,37871,2,2022-02-01
ASSAM,2022,MAR,45092,3,2022-03-01
ASSAM,2022,APR,39735,4,2022-04-01
ASSAM,2022,MAY,42260,5,2022-05-01
ASSAM,2022,JUN,33513,6,2022-06-01
ASSAM,2022,JUL,39857,7,2022-07-01
ASSAM,2022,AUG,40742,8,2022-08-01
ASSAM,2022,SEP,48226,9,2022-09-01
ASSAM,2022,OCT,51760,10,2022-10-01
ASSAM,2022,NOV,48651,11,2022-11-01
ASSAM,2022,DEC,51410,12,2022-12-01
ASSAM,2023,JAN,56714,1,2023-01-01
ASSAM,2023,FEB,52417,2,2023-02-01
ASSAM,2023,MAR,60295,3,2023-03-01
ASSAM,2023,APR,49732,4,2023-04-01
ASSAM,2023,MAY,52544,5,2023-05-01
ASSAM,2023,JUN,47592,6,2023-06-01
ASSAM,2023,JUL,48584,7,2023-07-01
ASSAM,2023,AUG,48454,8,2023-08-01
ASSAM,2023,SEP,51631,9,2023-09-01
ASSAM,2023,OCT,70894,10,2023-10-01
ASSAM,2023,NOV,58523,11,2023-11-01
ASSAM,2023,DEC,55533,12,2023-12-01
ASSAM,2024,JAN,59964,1,2024-01-01
ASSAM,2024,FEB,55882,2,2024-02-01
ASSAM,2024,MAR,61157,3,2024-03-01
ASSAM,2024,APR,57825,4,2024-04-01
ASSAM,2024,MAY,56147,5,2024-05-01
ASSAM,2024,JUN,46364,6,2024-06-01
ASSAM,2024,JUL,44268,7,2024-07-01
ASSAM,2024,AUG,48175,8,2024-08-01
ASSAM,2024,SEP,49062,9,2024-09-01
ASSAM,2024,OCT,65728,10,2024-10-01
ASSAM,2024,NOV,44683,11,2024-11-01
ASSAM,2024,DEC,40227,12,2024-12-01
ASSAM,2025,JAN,60206,1,2025-01-01
ASSAM,2025,FEB,46907,2,2025-02-01
ASSAM,2025,MAR,54744,3,2025-03-01
ASSAM,2025,APR,47181,4,2025-04-01
ASSAM,2025,MAY,43348,5,2025-05-01
ASSAM,2025,JUN,43225,6,2025-06-01
ASSAM,2025,JUL,43522,7,2025-07-01
ASSAM,2025,AUG,43254,8,2025-08-01
ASSAM,2025,SEP,51992,9,2025-09-01
ASSAM,2025,OCT,65977,10,2025-10-01
ASSAM,2025,NOV,46809,11,2025-11-01
ASSAM,2025,DEC,48367,12,2025-12-01
ASSAM,2026,JAN,54177,1,2026-01-01
ASSAM,2026,FEB,50354,2,2026-02-01
ASSAM,2026,MAR,58922,3,2026-03-01
ASSAM,2026,APR,58479,4,2026-04-01
ASSAM,2026,MAY,55373,5,2026-05-01
ASSAM,2026,JUN,51517,6,2026-06-01
ASSAM,2026,JUL,38748,7,2026-07-01
BIHAR,2020,JAN,92316,1,2020-01-01
BIHAR,2020,FEB,115338,2,2020-02-01
BIHAR,2020,MAR,178549,3,2020-03-01
BIHAR,2020,APR,3783,4,2020-04-01
BIHAR,2020,MAY,10853,5,2020-05-01
BIHAR,2020,JUN,96064,6,2020-06-01
BIHAR,2020,JUL,61685,7,2020-07-01
BIHAR,2020,AUG,84191,8,2020-08-01
BIHAR,2020,SEP,90121,9,2020-09-01
BIHAR,2020,OCT,77833,10,2020-10-01
BIHAR,2020,NOV,122099,11,2020-11-01
BIHAR,2020,DEC,104248,12,2020-12-01
BIHAR,2021,JAN,74742,1,2021-01-01
BIHAR,2021,FEB,84401,2,2021-02-01
BIHAR,2021,MAR,98768,3,2021-03-01
BIHAR,2021,APR,94458,4,2021-04-01
BIHAR,2021,MAY,59684,5,2021-05-01
BIHAR,2021,JUN,113798,6,2021-06-01
BIHAR,2021,JUL,85268,7,2021-07-01
BIHAR,2021,AUG,69737,8,2021-08-01
BIHAR,2021,SEP,60951,9,2021-09-01
BIHAR,2021,OCT,65675,10,2021-10-01
BIHAR,2021,NOV,123391,11,2021-11-01
BIHAR,2021,DEC,79246,12,2021-12-01
BIHAR,2022,JAN,67202,1,2022-01-01
BIHAR,2022,FEB,74209,2,2022-02-01
BIHAR,2022,MAR,104453,3,2022-03-01
BIHAR,2022,APR,97369,4,2022-04-01
BIHAR,2022,MAY,129310,5,2022-05-01
BIHAR,2022,JUN,96317,6,2022-06-01
BIHAR,2022,JUL,79822,7,2022-07-01
BIHAR,2022,AUG,82918,8,2022-08-01
BIHAR,2022,SEP,76693,9,2022-09-01
BIHAR,2022,OCT,110869,10,2022-10-01
BIHAR,2022,NOV,132566,11,2022-11-01
BIHAR,2022,DEC,78127,12,2022-12-01
BIHAR,2023,JAN,82266,1,2023-01-01
BIHAR,2023,FEB,96882,2,2023-02-01
BIHAR,2023,MAR,112632,3,2023-03-01
BIHAR,2023,APR,101958,4,2023-04-01
BIHAR,2023,MAY,145378,5,2023-05-01
BIHAR,2023,JUN,111874,6,2023-06-01
BIHAR,2023,JUL,90966,7,2023-07-01
BIHAR,2023,AUG,78501,8,2023-08-01
BIHAR,2023,SEP,88721,9,2023-09-01
BIHAR,2023,OCT,90282,10,2023-10-01
BIHAR,2023,NOV,176595,11,2023-11-01
BIHAR,2023,DEC,112649,12,2023-12-01
BIHAR,2024,JAN,93626,1,2024-01-01
BIHAR,2024,FEB,104245,2,2024-02-01
BIHAR,2024,MAR,125244,3,2024-03-01
BIHAR,2024,APR,144144,4,2024-04-01
BIHAR,2024,MAY,116698,5,2024-05-01
BIHAR,2024,JUN,115279,6,2024-06-01
BIHAR,2024,JUL,109947,7,2024-07-01
BIHAR,2024,AUG,88486,8,2024-08-01
BIHAR,2024,SEP,83651,9,2024-09-01
BIHAR,2024,OCT,116442,10,2024-10-01
BIHAR,2024,NOV,217639,11,2024-11-01
BIHAR,2024,DEC,79850,12,2024-12-01
BIHAR,2025,JAN,92616,1,2025-01-01
BIHAR,2025,FEB,102891,2,2025-02-01
BIHAR,2025,MAR,114994,3,2025-03-01
BIHAR,2025,APR,134414,4,2025-04-01
BIHAR,2025,MAY,151895,5,2025-05-01
BIHAR,2025,JUN,118204,6,2025-06-01
BIHAR,2025,JUL,95712,7,2025-07-01
BIHAR,2025,AUG,80611,8,2025-08-01
BIHAR,2025,SEP,57197,9,2025-09-01
BIHAR,2025,OCT,237774,10,2025-10-01
BIHAR,2025,NOV,227201,11,2025-11-01
BIHAR,2025,DEC,93661,12,2025-12-01
BIHAR,2026,JAN,119161,1,2026-01-01
BIHAR,2026,FEB,129266,2,2026-02-01
BIHAR,2026,MAR,141661,3,2026-03-01
BIHAR,2026,APR,163541,4,2026-04-01
BIHAR,2026,MAY,145557,5,2026-05-01
BIHAR,2026,JUN,132914,6,2026-06-01
BIHAR,2026,JUL,96498,7,2026-07-01
CHANDIGARH,2020,JAN,3378,1,2020-01-01
CHANDIGARH,2020,FEB,3588,2,2020-02-01
CHANDIGARH,2020,MAR,3366,3,2020-03-01
CHANDIGARH,2020,APR,261,4,2020-04-01
CHANDIGARH,2020,MAY,730,5,2020-05-01
CHANDIGARH,2020,JUN,1912,6,2020-06-01
CHANDIGARH,2020,JUL,2303,7,2020-07-01
CHANDIGARH,2020,AUG,2340,8,2020-08-01
CHANDIGARH,2020,SEP,2239,9,2020-09-01
CHANDIGARH,2020,OCT,3414,10,2020-10-01
CHANDIGARH,2020,NOV,3941,11,2020-11-01
CHANDIGARH,2020,DEC,3192,12,2020-12-01
CHANDIGARH,2021,JAN,3192,1,2021-01-01
CHANDIGARH,2021,FEB,3256,2,2021-02-01
CHANDIGARH,2021,MAR,4127,3,2021-03-01
CHANDIGARH,2021,APR,2752,4,2021-04-01
CHANDIGARH,2021,MAY,945,5,2021-05-01
CHANDIGARH,2021,JUN,3448,6,2021-06-01
CHANDIGARH,2021,JUL,3337,7,2021-07-01
CHANDIGARH,2021,AUG,3319,8,2021-08-01
CHANDIGARH,2021,SEP,2889,9,2021-09-01
CHANDIGARH,2021,OCT,3801,10,2021-10-01
CHANDIGARH,2021,NOV,4161,11,2021-11-01
CHANDIGARH,2021,DEC,3374,12,2021-12-01
CHANDIGARH,2022,JAN,2930,1,2022-01-01
CHANDIGARH,2022,FEB,3283,2,2022-02-01
CHANDIGARH,2022,MAR,4363,3,2022-03-01
CHANDIGARH,2022,APR,4183,4,2022-04-01
CHANDIGARH,2022,MAY,4340,5,2022-05-01
CHANDIGARH,2022,JUN,4061,6,2022-06-01
CHANDIGARH,2022,JUL,5049,7,2022-07-01
CHANDIGARH,2022,AUG,4042,8,2022-08-01
CHANDIGARH,2022,SEP,4313,9,2022-09-01
CHANDIGARH,2022,OCT,5866,10,2022-10-01
CHANDIGARH,2022,NOV,4359,11,2022-11-01
CHANDIGARH,2022,DEC,4070,12,2022-12-01
CHANDIGARH,2023,JAN,4795,1,2023-01-01
CHANDIGARH,2023,FEB,3256,2,2023-02-01
CHANDIGARH,2023,MAR,3559,3,2023-03-01
CHANDIGARH,2023,APR,4850,4,2023-04-01
CHANDIGARH,2023,MAY,5324,5,2023-05-01
CHANDIGARH,2023,JUN,5772,6,2023-06-01
CHANDIGARH,2023,JUL,4663,7,2023-07-01
CHANDIGARH,2023,AUG,4360,8,2023-08-01
CHANDIGARH,2023,SEP,4029,9,2023-09-01
CHANDIGARH,2023,OCT,4366,10,2023-10-01
CHANDIGARH,2023,NOV,4940,11,2023-11-01
CHANDIGARH,2023,DEC,3323,12,2023-12-01
CHANDIGARH,2024,JAN,3719,1,2024-01-01
CHANDIGARH,2024,FEB,3303,2,2024-02-01
CHANDIGARH,2024,MAR,3408,3,2024-03-01
CHANDIGARH,2024,APR,3516,4,2024-04-01
CHANDIGARH,2024,MAY,3747,5,2024-05-01
CHANDIGARH,2024,JUN,3459,6,2024-06-01
CHANDIGARH,2024,JUL,4271,7,2024-07-01
CHANDIGARH,2024,AUG,3935,8,2024-08-01
CHANDIGARH,2024,SEP,3040,9,2024-09-01
CHANDIGARH,2024,OCT,6921,10,2024-10-01
CHANDIGARH,2024,NOV,3547,11,2024-11-01
CHANDIGARH,2024,DEC,3529,12,2024-12-01
CHANDIGARH,2025,JAN,4230,1,2025-01-01
CHANDIGARH,2025,FEB,3165,2,2025-02-01
CHANDIGARH,2025,MAR,4219,3,2025-03-01
CHANDIGARH,2025,APR,3887,4,2025-04-01
CHANDIGARH,2025,MAY,3487,5,2025-05-01
CHANDIGARH,2025,JUN,3890,6,2025-06-01
CHANDIGARH,2025,JUL,4336,7,2025-07-01
CHANDIGARH,2025,AUG,3947,8,2025-08-01
CHANDIGARH,2025,SEP,4311,9,2025-09-01
CHANDIGARH,2025,OCT,6249,10,2025-10-01
CHANDIGARH,2025,NOV,5071,11,2025-11-01
CHANDIGARH,2025,DEC,4151,12,2025-12-01
CHANDIGARH,2026,JAN,4827,1,2026-01-01
CHANDIGARH,2026,FEB,4054,2,2026-02-01
CHANDIGARH,2026,MAR,4946,3,2026-03-01
CHANDIGARH,2026,APR,4588,4,2026-04-01
CHANDIGARH,2026,MAY,4181,5,2026-05-01
CHANDIGARH,2026,JUN,5163,6,2026-06-01
CHANDIGARH,2026,JUL,3732,7,2026-07-01
CHHATTISGARH,2020,JAN,49614,1,2020-01-01
CHHATTISGARH,2020,FEB,56930,2,2020-02-01
CHHATTISGARH,2020,MAR,62807,3,2020-03-01
CHHATTISGARH,2020,APR,1315,4,2020-04-01
CHHATTISGARH,2020,MAY,9976,5,2020-05-01
CHHATTISGARH,2020,JUN,33501,6,2020-06-01
CHHATTISGARH,2020,JUL,34305,7,2020-07-01
CHHATTISGARH,2020,AUG,33292,8,2020-08-01
CHHATTISGARH,2020,SEP,28885,9,2020-09-01
CHHATTISGARH,2020,OCT,44850,10,2020-10-01
CHHATTISGARH,2020,NOV,80156,11,2020-11-01
CHHATTISGARH,2020,DEC,46170,12,2020-12-01
CHHATTISGARH,2021,JAN,41113,1,2021-01-01
CHHATTISGARH,2021,FEB,45129,2,2021-02-01
CHHATTISGARH,2021,MAR,47033,3,2021-03-01
CHHATTISGARH,2021,APR,13472,4,2021-04-01
CHHATTISGARH,2021,MAY,7557,5,2021-05-01
CHHATTISGARH,2021,JUN,40138,6,2021-06-01
CHHATTISGARH,2021,JUL,40682,7,2021-07-01
CHHATTISGARH,2021,AUG,36420,8,2021-08-01
CHHATTISGARH,2021,SEP,32874,9,2021-09-01
CHHATTISGARH,2021,OCT,44706,10,2021-10-01
CHHATTISGARH,2021,NOV,73507,11,2021-11-01
CHHATTISGARH,2021,DEC,33254,12,2021-12-01
CHHATTISGARH,2022,JAN,41839,1,2022-01-01
CHHATTISGARH,2022,FEB,37468,2,2022-02-01
CHHATTISGARH,2022,MAR,41165,3,2022-03-01
CHHATTISGARH,2022,APR,41110,4,2022-04-01
CHHATTISGARH,2022,MAY,37898,5,2022-05-01
CHHATTISGARH,2022,JUN,38155,6,2022-06-01
CHHATTISGARH,2022,JUL,36837,7,2022-07-01
CHHATTISGARH,2022,AUG,31869,8,2022-08-01
CHHATTISGARH,2022,SEP,32368,9,2022-09-01
CHHATTISGARH,2022,OCT,71472,10,2022-10-01
CHHATTISGARH,2022,NOV,53884,11,2022-11-01
CHHATTISGARH,2022,DEC,36951,12,2022-12-01
CHHATTISGARH,2023,JAN,46436,1,2023-01-01
CHHATTISGARH,2023,FEB,41783,2,2023-02-01
CHHATTISGARH,2023,MAR,45568,3,2023-03-01
CHHATTISGARH,2023,APR,39970,4,2023-04-01
CHHATTISGARH,2023,MAY,39470,5,2023-05-01
CHHATTISGARH,2023,JUN,42100,6,2023-06-01
CHHATTISGARH,2023,JUL,40166,7,2023-07-01
CHHATTISGARH,2023,AUG,39328,8,2023-08-01
CHHATTISGARH,2023,SEP,42015,9,2023-09-01
CHHATTISGARH,2023,OCT,52083,10,2023-10-01
CHHATTISGARH,2023,NOV,91797,11,2023-11-01
CHHATTISGARH,2023,DEC,43845,12,2023-12-01
CHHATTISGARH,2024,JAN,57508,1,2024-01-01
CHHATTISGARH,2024,FEB,53630,2,2024-02-01
CHHATTISGARH,2024,MAR,59568,3,2024-03-01
CHHATTISGARH,2024,APR,58547,4,2024-04-01
CHHATTISGARH,2024,MAY,56132,5,2024-05-01
CHHATTISGARH,2024,JUN,54204,6,2024-06-01
CHHATTISGARH,2024,JUL,55680,7,2024-07-01
CHHATTISGARH,2024,AUG,47435,8,2024-08-01
CHHATTISGARH,2024,SEP,40337,9,2024-09-01
CHHATTISGARH,2024,OCT,87513,10,2024-10-01
CHHATTISGARH,2024,NOV,101103,11,2024-11-01
CHHATTISGARH,2024,DEC,42353,12,2024-12-01
CHHATTISGARH,2025,JAN,68430,1,2025-01-01
CHHATTISGARH,2025,FEB,57964,2,2025-02-01
CHHATTISGARH,2025,MAR,59786,3,2025-03-01
CHHATTISGARH,2025,APR,55788,4,2025-04-01
CHHATTISGARH,2025,MAY,51185,5,2025-05-01
CHHATTISGARH,2025,JUN,52661,6,2025-06-01
CHHATTISGARH,2025,JUL,49865,7,2025-07-01
CHHATTISGARH,2025,AUG,47251,8,2025-08-01
CHHATTISGARH,2025,SEP,48844,9,2025-09-01
CHHATTISGARH,2025,OCT,132948,10,2025-10-01
CHHATTISGARH,2025,NOV,69234,11,2025-11-01
CHHATTISGARH,2025,DEC,45069,12,2025-12-01
CHHATTISGARH,2026,JAN,75203,1,2026-01-01
CHHATTISGARH,2026,FEB,64910,2,2026-02-01
CHHATTISGARH,2026,MAR,64085,3,2026-03-01
CHHATTISGARH,2026,APR,51908,4,2026-04-01
CHHATTISGARH,2026,MAY,50741,5,2026-05-01
CHHATTISGARH,2026,JUN,55416,6,2026-06-01
CHHATTISGARH,2026,JUL,45567,7,2026-07-01
DELHI,2020,JAN,53602,1,2020-01-01
DELHI,2020,FEB,44606,2,2020-02-01
DELHI,2020,MAR,34983,3,2020-03-01
DELHI,2020,APR,1930,4,2020-04-01
DELHI,2020,MAY,9027,5,2020-05-01
DELHI,2020,JUN,33085,6,2020-06-01
DELHI,2020,JUL,37234,7,2020-07-01
DELHI,2020,AUG,37741,8,2020-08-01
DELHI,2020,SEP,31074,9,2020-09-01
DELHI,2020,OCT,44710,10,2020-10-01
DELHI,2020,NOV,60200,11,2020-11-01
DELHI,2020,DEC,34194,12,2020-12-01
DELHI,2021,JAN,48850,1,2021-01-01
DELHI,2021,FEB,44452,2,2021-02-01
DELHI,2021,MAR,51852,3,2021-03-01
DELHI,2021,APR,24591,4,2021-04-01
DELHI,2021,MAY,70,5,2021-05-01
DELHI,2021,JUN,37080,6,2021-06-01
DELHI,2021,JUL,43776,7,2021-07-01
DELHI,2021,AUG,42625,8,2021-08-01
DELHI,2021,SEP,31374,9,2021-09-01
DELHI,2021,OCT,43462,10,2021-10-01
DELHI,2021,NOV,54040,11,2021-11-01
DELHI,2021,DEC,36072,12,2021-12-01
DELHI,2022,JAN,42388,1,2022-01-01
DELHI,2022,FEB,42675,2,2022-02-01
DELHI,2022,MAR,47836,3,2022-03-01
DELHI,2022,APR,51707,4,2022-04-01
DELHI,2022,MAY,47374,5,2022-05-01
DELHI,2022,JUN,46456,6,2022-06-01
DELHI,2022,JUL,51728,7,2022-07-01
DELHI,2022,AUG,51973,8,2022-08-01
DELHI,2022,SEP,44728,9,2022-09-01
DELHI,2022,OCT,76220,10,2022-10-01
DELHI,2022,NOV,62544,11,2022-11-01
DELHI,2022,DEC,42269,12,2022-12-01
DELHI,2023,JAN,59483,1,2023-01-01
DELHI,2023,FEB,48789,2,2023-02-01
DELHI,2023,MAR,54319,3,2023-03-01
DELHI,2023,APR,48008,4,2023-04-01
DELHI,2023,MAY,53029,5,2023-05-01
DELHI,2023,JUN,48343,6,2023-06-01
DELHI,2023,JUL,51021,7,2023-07-01
DELHI,2023,AUG,54118,8,2023-08-01
DELHI,2023,SEP,52475,9,2023-09-01
DELHI,2023,OCT,58422,10,2023-10-01
DELHI,2023,NOV,80849,11,2023-11-01
DELHI,2023,DEC,48939,12,2023-12-01
DELHI,2024,JAN,67207,1,2024-01-01
DELHI,2024,FEB,52902,2,2024-02-01
DELHI,2024,MAR,54759,3,2024-03-01
DELHI,2024,APR,57756,4,2024-04-01
DELHI,2024,MAY,54052,5,2024-05-01
DELHI,2024,JUN,49181,6,2024-06-01
DELHI,2024,JUL,58606,7,2024-07-01
DELHI,2024,AUG,53913,8,2024-08-01
DELHI,2024,SEP,45768,9,2024-09-01
DELHI,2024,OCT,87987,10,2024-10-01
DELHI,2024,NOV,83393,11,2024-11-01
DELHI,2024,DEC,45578,12,2024-12-01
DELHI,2025,JAN,75048,1,2025-01-01
DELHI,2025,FEB,50174,2,2025-02-01
DELHI,2025,MAR,59673,3,2025-03-01
DELHI,2025,APR,58863,4,2025-04-01
DELHI,2025,MAY,69451,5,2025-05-01
DELHI,2025,JUN,58376,6,2025-06-01
DELHI,2025,JUL,67427,7,2025-07-01
DELHI,2025,AUG,61632,8,2025-08-01
DELHI,2025,SEP,60485,9,2025-09-01
DELHI,2025,OCT,114786,10,2025-10-01
DELHI,2025,NOV,88943,11,2025-11-01
DELHI,2025,DEC,53195,12,2025-12-01
DELHI,2026,JAN,85346,1,2026-01-01
DELHI,2026,FEB,61259,2,2026-02-01
DELHI,2026,MAR,70696,3,2026-03-01
DELHI,2026,APR,68043,4,2026-04-01
DELHI,2026,MAY,69742,5,2026-05-01
DELHI,2026,JUN,69855,6,2026-06-01
DELHI,2026,JUL,62727,7,2026-07-01
GOA,2020,JAN,4568,1,2020-01-01
GOA,2020,FEB,4941,2,2020-02-01
GOA,2020,MAR,4108,3,2020-03-01
GOA,2020,APR,348,4,2020-04-01
GOA,2020,MAY,2393,5,2020-05-01
GOA,2020,JUN,2122,6,2020-06-01
GOA,2020,JUL,2221,7,2020-07-01
GOA,2020,AUG,3771,8,2020-08-01
GOA,2020,SEP,3115,9,2020-09-01
GOA,2020,OCT,5109,10,2020-10-01
GOA,2020,NOV,5766,11,2020-11-01
GOA,2020,DEC,3942,12,2020-12-01
GOA,2021,JAN,5195,1,2021-01-01
GOA,2021,FEB,4989,2,2021-02-01
GOA,2021,MAR,5222,3,2021-03-01
GOA,2021,APR,5010,4,2021-04-01
GOA,2021,MAY,846,5,2021-05-01
GOA,2021,JUN,2402,6,2021-06-01
GOA,2021,JUL,2845,7,2021-07-01
GOA,2021,AUG,3947,8,2021-08-01
GOA,2021,SEP,4559,9,2021-09-01
GOA,2021,OCT,5312,10,2021-10-01
GOA,2021,NOV,5632,11,2021-11-01
GOA,2021,DEC,4962,12,2021-12-01
GOA,2022,JAN,4444,1,2022-01-01
GOA,2022,FEB,4583,2,2022-02-01
GOA,2022,MAR,6094,3,2022-03-01
GOA,2022,APR,5433,4,2022-04-01
GOA,2022,MAY,4884,5,2022-05-01
GOA,2022,JUN,4586,6,2022-06-01
GOA,2022,JUL,4569,7,2022-07-01
GOA,2022,AUG,7150,8,2022-08-01
GOA,2022,SEP,5953,9,2022-09-01
GOA,2022,OCT,8806,10,2022-10-01
GOA,2022,NOV,7352,11,2022-11-01
GOA,2022,DEC,6957,12,2022-12-01
GOA,2023,JAN,6692,1,2023-01-01
GOA,2023,FEB,5955,2,2023-02-01
GOA,2023,MAR,7819,3,2023-03-01
GOA,2023,APR,5504,4,2023-04-01
GOA,2023,MAY,6101,5,2023-05-01
GOA,2023,JUN,5456,6,2023-06-01
GOA,2023,JUL,4928,7,2023-07-01
GOA,2023,AUG,6604,8,2023-08-01
GOA,2023,SEP,8759,9,2023-09-01
GOA,2023,OCT,7885,10,2023-10-01
GOA,2023,NOV,9128,11,2023-11-01
GOA,2023,DEC,6452,12,2023-12-01
GOA,2024,JAN,7837,1,2024-01-01
GOA,2024,FEB,6916,2,2024-02-01
GOA,2024,MAR,7146,3,2024-03-01
GOA,2024,APR,7273,4,2024-04-01
GOA,2024,MAY,5845,5,2024-05-01
GOA,2024,JUN,4917,6,2024-06-01
GOA,2024,JUL,5184,7,2024-07-01
GOA,2024,AUG,7085,8,2024-08-01
GOA,2024,SEP,8060,9,2024-09-01
GOA,2024,OCT,10492,10,2024-10-01
GOA,2024,NOV,7173,11,2024-11-01
GOA,2024,DEC,6390,12,2024-12-01
GOA,2025,JAN,8080,1,2025-01-01
GOA,2025,FEB,6199,2,2025-02-01
GOA,2025,MAR,7789,3,2025-03-01
GOA,2025,APR,6138,4,2025-04-01
GOA,2025,MAY,4926,5,2025-05-01
GOA,2025,JUN,5279,6,2025-06-01
GOA,2025,JUL,5480,7,2025-07-01
GOA,2025,AUG,8145,8,2025-08-01
GOA,2025,SEP,7287,9,2025-09-01
GOA,2025,OCT,11375,10,2025-10-01
GOA,2025,NOV,8084,11,2025-11-01
GOA,2025,DEC,7573,12,2025-12-01
GOA,2026,JAN,8167,1,2026-01-01
GOA,2026,FEB,7348,2,2026-02-01
GOA,2026,MAR,9177,3,2026-03-01
GOA,2026,APR,7080,4,2026-04-01
GOA,2026,MAY,6346,5,2026-05-01
GOA,2026,JUN,6832,6,2026-06-01
GOA,2026,JUL,5214,7,2026-07-01
GUJARAT,2020,JAN,123603,1,2020-01-01
GUJARAT,2020,FEB,121768,2,2020-02-01
GUJARAT,2020,MAR,156052,3,2020-03-01
GUJARAT,2020,APR,12124,4,2020-04-01
GUJARAT,2020,MAY,5836,5,2020-05-01
GUJARAT,2020,JUN,62316,6,2020-06-01
GUJARAT,2020,JUL,84192,7,2020-07-01
GUJARAT,2020,AUG,89909,8,2020-08-01
GUJARAT,2020,SEP,70093,9,2020-09-01
GUJARAT,2020,OCT,118420,10,2020-10-01
GUJARAT,2020,NOV,154963,11,2020-11-01
GUJARAT,2020,DEC,125579,12,2020-12-01
GUJARAT,2021,JAN,106133,1,2021-01-01
GUJARAT,2021,FEB,108648,2,2021-02-01
GUJARAT,2021,MAR,106245,3,2021-03-01
GUJARAT,2021,APR,74167,4,2021-04-01
GUJARAT,2021,MAY,54695,5,2021-05-01
GUJARAT,2021,JUN,87738,6,2021-06-01
GUJARAT,2021,JUL,117419,7,2021-07-01
GUJARAT,2021,AUG,97358,8,2021-08-01
GUJARAT,2021,SEP,108493,9,2021-09-01
GUJARAT,2021,OCT,121442,10,2021-10-01
GUJARAT,2021,NOV,145096,11,2021-11-01
GUJARAT,2021,DEC,129680,12,2021-12-01
GUJARAT,2022,JAN,91177,1,2022-01-01
GUJARAT,2022,FEB,103581,2,2022-02-01
GUJARAT,2022,MAR,118891,3,2022-03-01
GUJARAT,2022,APR,127997,4,2022-04-01
GUJARAT,2022,MAY,102053,5,2022-05-01
GUJARAT,2022,JUN,121134,6,2022-06-01
GUJARAT,2022,JUL,121250,7,2022-07-01
GUJARAT,2022,AUG,110682,8,2022-08-01
GUJARAT,2022,SEP,122273,9,2022-09-01
GUJARAT,2022,OCT,173779,10,2022-10-01
GUJARAT,2022,NOV,225313,11,2022-11-01
GUJARAT,2022,DEC,151226,12,2022-12-01
GUJARAT,2023,JAN,113932,1,2023-01-01
GUJARAT,2023,FEB,131641,2,2023-02-01
GUJARAT,2023,MAR,135793,3,2023-03-01
GUJARAT,2023,APR,133168,4,2023-04-01
GUJARAT,2023,MAY,126670,5,2023-05-01
GUJARAT,2023,JUN,123740,6,2023-06-01
GUJARAT,2023,JUL,164337,7,2023-07-01
GUJARAT,2023,AUG,142115,8,2023-08-01
GUJARAT,2023,SEP,189192,9,2023-09-01
GUJARAT,2023,OCT,221248,10,2023-10-01
GUJARAT,2023,NOV,207711,11,2023-11-01
GUJARAT,2023,DEC,132208,12,2023-12-01
GUJARAT,2024,JAN,156640,1,2024-01-01
GUJARAT,2024,FEB,138615,2,2024-02-01
GUJARAT,2024,MAR,139281,3,2024-03-01
GUJARAT,2024,APR,142063,4,2024-04-01
GUJARAT,2024,MAY,136660,5,2024-05-01
GUJARAT,2024,JUN,125210,6,2024-06-01
GUJARAT,2024,JUL,153151,7,2024-07-01
GUJARAT,2024,AUG,139699,8,2024-08-01
GUJARAT,2024,SEP,126643,9,2024-09-01
GUJARAT,2024,OCT,294634,10,2024-10-01
GUJARAT,2024,NOV,196544,11,2024-11-01
GUJARAT,2024,DEC,150229,12,2024-12-01
GUJARAT,2025,JAN,164951,1,2025-01-01
GUJARAT,2025,FEB,126622,2,2025-02-01
GUJARAT,2025,MAR,138406,3,2025-03-01
GUJARAT,2025,APR,140168,4,2025-04-01
GUJARAT,2025,MAY,134079,5,2025-05-01
GUJARAT,2025,JUN,141093,6,2025-06-01
GUJARAT,2025,JUL,152356,7,2025-07-01
GUJARAT,2025,AUG,181917,8,2025-08-01
GUJARAT,2025,SEP,173948,9,2025-09-01
GUJARAT,2025,OCT,333822,10,2025-10-01
GUJARAT,2025,NOV,233244,11,2025-11-01
GUJARAT,2025,DEC,169521,12,2025-12-01
GUJARAT,2026,JAN,209442,1,2026-01-01
GUJARAT,2026,FEB,174044,2,2026-02-01
GUJARAT,2026,MAR,192055,3,2026-03-01
GUJARAT,2026,APR,164972,4,2026-04-01
GUJARAT,2026,MAY,158414,5,2026-05-01
GUJARAT,2026,JUN,176805,6,2026-06-01
GUJARAT,2026,JUL,180498,7,2026-07-01
HARYANA,2020,JAN,69753,1,2020-01-01
HARYANA,2020,FEB,63628,2,2020-02-01
HARYANA,2020,MAR,66615,3,2020-03-01
HARYANA,2020,APR,29422,4,2020-04-01
HARYANA,2020,MAY,3374,5,2020-05-01
HARYANA,2020,JUN,31887,6,2020-06-01
HARYANA,2020,JUL,54752,7,2020-07-01
HARYANA,2020,AUG,46776,8,2020-08-01
HARYANA,2020,SEP,47509,9,2020-09-01
HARYANA,2020,OCT,47130,10,2020-10-01
HARYANA,2020,NOV,63702,11,2020-11-01
HARYANA,2020,DEC,79847,12,2020-12-01
HARYANA,2021,JAN,57858,1,2021-01-01
HARYANA,2021,FEB,51747,2,2021-02-01
HARYANA,2021,MAR,61831,3,2021-03-01
HARYANA,2021,APR,54944,4,2021-04-01
HARYANA,2021,MAY,13239,5,2021-05-01
HARYANA,2021,JUN,53264,6,2021-06-01
HARYANA,2021,JUL,45935,7,2021-07-01
HARYANA,2021,AUG,54351,8,2021-08-01
HARYANA,2021,SEP,56518,9,2021-09-01
HARYANA,2021,OCT,46599,10,2021-10-01
HARYANA,2021,NOV,68247,11,2021-11-01
HARYANA,2021,DEC,66211,12,2021-12-01
HARYANA,2022,JAN,55497,1,2022-01-01
HARYANA,2022,FEB,50646,2,2022-02-01
HARYANA,2022,MAR,59783,3,2022-03-01
HARYANA,2022,APR,58086,4,2022-04-01
HARYANA,2022,MAY,61266,5,2022-05-01
HARYANA,2022,JUN,57844,6,2022-06-01
HARYANA,2022,JUL,58105,7,2022-07-01
HARYANA,2022,AUG,61816,8,2022-08-01
HARYANA,2022,SEP,49510,9,2022-09-01
HARYANA,2022,OCT,69977,10,2022-10-01
HARYANA,2022,NOV,90766,11,2022-11-01
HARYANA,2022,DEC,66402,12,2022-12-01
HARYANA,2023,JAN,66360,1,2023-01-01
HARYANA,2023,FEB,62988,2,2023-02-01
HARYANA,2023,MAR,68054,3,2023-03-01
HARYANA,2023,APR,69403,4,2023-04-01
HARYANA,2023,MAY,69369,5,2023-05-01
HARYANA,2023,JUN,68328,6,2023-06-01
HARYANA,2023,JUL,36825,7,2023-07-01
HARYANA,2023,AUG,73978,8,2023-08-01
HARYANA,2023,SEP,79467,9,2023-09-01
HARYANA,2023,OCT,68726,10,2023-10-01
HARYANA,2023,NOV,75374,11,2023-11-01
HARYANA,2023,DEC,96904,12,2023-12-01
HARYANA,2024,JAN,85147,1,2024-01-01
HARYANA,2024,FEB,75336,2,2024-02-01
HARYANA,2024,MAR,78856,3,2024-03-01
HARYANA,2024,APR,73164,4,2024-04-01
HARYANA,2024,MAY,70383,5,2024-05-01
HARYANA,2024,JUN,74106,6,2024-06-01
HARYANA,2024,JUL,66961,7,2024-07-01
HARYANA,2024,AUG,82309,8,2024-08-01
HARYANA,2024,SEP,80109,9,2024-09-01
HARYANA,2024,OCT,101026,10,2024-10-01
HARYANA,2024,NOV,124225,11,2024-11-01
HARYANA,2024,DEC,84641,12,2024-12-01
HARYANA,2025,JAN,99740,1,2025-01-01
HARYANA,2025,FEB,72821,2,2025-02-01
HARYANA,2025,MAR,78774,3,2025-03-01
HARYANA,2025,APR,82225,4,2025-04-01
HARYANA,2025,MAY,80198,5,2025-05-01
HARYANA,2025,JUN,81020,6,2025-06-01
HARYANA,2025,JUL,79553,7,2025-07-01
HARYANA,2025,AUG,77365,8,2025-08-01
HARYANA,2025,SEP,71640,9,2025-09-01
HARYANA,2025,OCT,148372,10,2025-10-01
HARYANA,2025,NOV,131207,11,2025-11-01
HARYANA,2025,DEC,78270,12,2025-12-01
HARYANA,2026,JAN,103670,1,2026-01-01
HARYANA,2026,FEB,87415,2,2026-02-01
HARYANA,2026,MAR,93043,3,2026-03-01
HARYANA,2026,APR,92308,4,2026-04-01
HARYANA,2026,MAY,91319,5,2026-05-01
HARYANA,2026,JUN,88006,6,2026-06-01
HARYANA,2026,JUL,85427,7,2026-07-01
HIMACHAL PRADESH,2020,JAN,11085,1,2020-01-01
HIMACHAL PRADESH,2020,FEB,10369,2,2020-02-01
HIMACHAL PRADESH,2020,MAR,13599,3,2020-03-01
HIMACHAL PRADESH,2020,APR,3670,4,2020-04-01
HIMACHAL PRADESH,2020,MAY,729,5,2020-05-01
HIMACHAL PRADESH,2020,JUN,7066,6,2020-06-01
HIMACHAL PRADESH,2020,JUL,13963,7,2020-07-01
HIMACHAL PRADESH,2020,AUG,12838,8,2020-08-01
HIMACHAL PRADESH,2020,SEP,12791,9,2020-09-01
HIMACHAL PRADESH,2020,OCT,13388,10,2020-10-01
HIMACHAL PRADESH,2020,NOV,18458,11,2020-11-01
HIMACHAL PRADESH,2020,DEC,15848,12,2020-12-01
HIMACHAL PRADESH,2021,JAN,10773,1,2021-01-01
HIMACHAL PRADESH,2021,FEB,7917,2,2021-02-01
HIMACHAL PRADESH,2021,MAR,10172,3,2021-03-01
HIMACHAL PRADESH,2021,APR,8871,4,2021-04-01
HIMACHAL PRADESH,2021,MAY,3502,5,2021-05-01
HIMACHAL PRADESH,2021,JUN,9291,6,2021-06-01
HIMACHAL PRADESH,2021,JUL,12066,7,2021-07-01
HIMACHAL PRADESH,2021,AUG,10475,8,2021-08-01
HIMACHAL PRADESH,2021,SEP,9453,9,2021-09-01
HIMACHAL PRADESH,2021,OCT,8659,10,2021-10-01
HIMACHAL PRADESH,2021,NOV,12863,11,2021-11-01
HIMACHAL PRADESH,2021,DEC,11013,12,2021-12-01
HIMACHAL PRADESH,2022,JAN,7316,1,2022-01-01
HIMACHAL PRADESH,2022,FEB,8692,2,2022-02-01
HIMACHAL PRADESH,2022,MAR,8124,3,2022-03-01
HIMACHAL PRADESH,2022,APR,8964,4,2022-04-01
HIMACHAL PRADESH,2022,MAY,10070,5,2022-05-01
HIMACHAL PRADESH,2022,JUN,10250,6,2022-06-01
HIMACHAL PRADESH,2022,JUL,10425,7,2022-07-01
HIMACHAL PRADESH,2022,AUG,10066,8,2022-08-01
HIMACHAL PRADESH,2022,SEP,8030,9,2022-09-01
HIMACHAL PRADESH,2022,OCT,10073,10,2022-10-01
HIMACHAL PRADESH,2022,NOV,15390,11,2022-11-01
HIMACHAL PRADESH,2022,DEC,11935,12,2022-12-01
HIMACHAL PRADESH,2023,JAN,9674,1,2023-01-01
HIMACHAL PRADESH,2023,FEB,9817,2,2023-02-01
HIMACHAL PRADESH,2023,MAR,9378,3,2023-03-01
HIMACHAL PRADESH,2023,APR,10090,4,2023-04-01
HIMACHAL PRADESH,2023,MAY,10158,5,2023-05-01
HIMACHAL PRADESH,2023,JUN,10197,6,2023-06-01
HIMACHAL PRADESH,2023,JUL,10571,7,2023-07-01
HIMACHAL PRADESH,2023,AUG,10635,8,2023-08-01
HIMACHAL PRADESH,2023,SEP,10370,9,2023-09-01
HIMACHAL PRADESH,2023,OCT,8675,10,2023-10-01
HIMACHAL PRADESH,2023,NOV,11407,11,2023-11-01
HIMACHAL PRADESH,2023,DEC,16872,12,2023-12-01
HIMACHAL PRADESH,2024,JAN,12275,1,2024-01-01
HIMACHAL PRADESH,2024,FEB,10956,2,2024-02-01
HIMACHAL PRADESH,2024,MAR,10242,3,2024-03-01
HIMACHAL PRADESH,2024,APR,10958,4,2024-04-01
HIMACHAL PRADESH,2024,MAY,12494,5,2024-05-01
HIMACHAL PRADESH,2024,JUN,9683,6,2024-06-01
HIMACHAL PRADESH,2024,JUL,11691,7,2024-07-01
HIMACHAL PRADESH,2024,AUG,12370,8,2024-08-01
HIMACHAL PRADESH,2024,SEP,9955,9,2024-09-01
HIMACHAL PRADESH,2024,OCT,12146,10,2024-10-01
HIMACHAL PRADESH,2024,NOV,19303,11,2024-11-01
HIMACHAL PRADESH,2024,DEC,15674,12,2024-12-01
HIMACHAL PRADESH,2025,JAN,14256,1,2025-01-01
HIMACHAL PRADESH,2025,FEB,10920,2,2025-02-01
HIMACHAL PRADESH,2025,MAR,11069,3,2025-03-01
HIMACHAL PRADESH,2025,APR,12093,4,2025-04-01
HIMACHAL PRADESH,2025,MAY,12504,5,2025-05-01
HIMACHAL PRADESH,2025,JUN,12317,6,2025-06-01
HIMACHAL PRADESH,2025,JUL,11519,7,2025-07-01
HIMACHAL PRADESH,2025,AUG,11460,8,2025-08-01
HIMACHAL PRADESH,2025,SEP,7798,9,2025-09-01
HIMACHAL PRADESH,2025,OCT,13852,10,2025-10-01
HIMACHAL PRADESH,2025,NOV,27610,11,2025-11-01
HIMACHAL PRADESH,2025,DEC,17364,12,2025-12-01
HIMACHAL PRADESH,2026,JAN,15422,1,2026-01-01
HIMACHAL PRADESH,2026,FEB,13172,2,2026-02-01
HIMACHAL PRADESH,2026,MAR,13342,3,2026-03-01
HIMACHAL PRADESH,2026,APR,14117,4,2026-04-01
HIMACHAL PRADESH,2026,MAY,13352,5,2026-05-01
HIMACHAL PRADESH,2026,JUN,12290,6,2026-06-01
HIMACHAL PRADESH,2026,JUL,14183,7,2026-07-01
JAMMU AND KASHMIR,2020,JAN,15496,1,2020-01-01
JAMMU AND KASHMIR,2020,FEB,21215,2,2020-02-01
JAMMU AND KASHMIR,2020,MAR,33219,3,2020-03-01
JAMMU AND KASHMIR,2020,APR,9749,4,2020-04-01
JAMMU AND KASHMIR,2020,MAY,107,5,2020-05-01
JAMMU AND KASHMIR,2020,JUN,1939,6,2020-06-01
JAMMU AND KASHMIR,2020,JUL,8911,7,2020-07-01
JAMMU AND KASHMIR,2020,AUG,24696,8,2020-08-01
JAMMU AND KASHMIR,2020,SEP,21715,9,2020-09-01
JAMMU AND KASHMIR,2020,OCT,18661,10,2020-10-01
JAMMU AND KASHMIR,2020,NOV,15823,11,2020-11-01
JAMMU AND KASHMIR,2020,DEC,12962,12,2020-12-01
JAMMU AND KASHMIR,2021,JAN,10181,1,2021-01-01
JAMMU AND KASHMIR,2021,FEB,11059,2,2021-02-01
JAMMU AND KASHMIR,2021,MAR,14108,3,2021-03-01
JAMMU AND KASHMIR,2021,APR,14058,4,2021-04-01
JAMMU AND KASHMIR,2021,MAY,4964,5,2021-05-01
JAMMU AND KASHMIR,2021,JUN,14697,6,2021-06-01
JAMMU AND KASHMIR,2021,JUL,17268,7,2021-07-01
JAMMU AND KASHMIR,2021,AUG,17268,8,2021-08-01
JAMMU AND KASHMIR,2021,SEP,13003,9,2021-09-01
JAMMU AND KASHMIR,2021,OCT,14509,10,2021-10-01
JAMMU AND KASHMIR,2021,NOV,14664,11,2021-11-01
JAMMU AND KASHMIR,2021,DEC,11433,12,2021-12-01
JAMMU AND KASHMIR,2022,JAN,9173,1,2022-01-01
JAMMU AND KASHMIR,2022,FEB,11398,2,2022-02-01
JAMMU AND KASHMIR,2022,MAR,12959,3,2022-03-01
JAMMU AND KASHMIR,2022,APR,14990,4,2022-04-01
JAMMU AND KASHMIR,2022,MAY,16352,5,2022-05-01
JAMMU AND KASHMIR,2022,JUN,14360,6,2022-06-01
JAMMU AND KASHMIR,2022,JUL,15965,7,2022-07-01
JAMMU AND KASHMIR,2022,AUG,15974,8,2022-08-01
JAMMU AND KASHMIR,2022,SEP,14690,9,2022-09-01
JAMMU AND KASHMIR,2022,OCT,15412,10,2022-10-01
JAMMU AND KASHMIR,2022,NOV,10497,11,2022-11-01
JAMMU AND KASHMIR,2022,DEC,11098,12,2022-12-01
JAMMU AND KASHMIR,2023,JAN,10000,1,2023-01-01
JAMMU AND KASHMIR,2023,FEB,11304,2,2023-02-01
JAMMU AND KASHMIR,2023,MAR,15870,3,2023-03-01
JAMMU AND KASHMIR,2023,APR,12317,4,2023-04-01
JAMMU AND KASHMIR,2023,MAY,16666,5,2023-05-01
JAMMU AND KASHMIR,2023,JUN,15271,6,2023-06-01
JAMMU AND KASHMIR,2023,JUL,16896,7,2023-07-01
JAMMU AND KASHMIR,2023,AUG,16988,8,2023-08-01
JAMMU AND KASHMIR,2023,SEP,15426,9,2023-09-01
JAMMU AND KASHMIR,2023,OCT,13865,10,2023-10-01
JAMMU AND KASHMIR,2023,NOV,16374,11,2023-11-01
JAMMU AND KASHMIR,2023,DEC,10661,12,2023-12-01
JAMMU AND KASHMIR,2024,JAN,12533,1,2024-01-01
JAMMU AND KASHMIR,2024,FEB,11927,2,2024-02-01
JAMMU AND KASHMIR,2024,MAR,14421,3,2024-03-01
JAMMU AND KASHMIR,2024,APR,16087,4,2024-04-01
JAMMU AND KASHMIR,2024,MAY,14507,5,2024-05-01
JAMMU AND KASHMIR,2024,JUN,13730,6,2024-06-01
JAMMU AND KASHMIR,2024,JUL,19240,7,2024-07-01
JAMMU AND KASHMIR,2024,AUG,17284,8,2024-08-01
JAMMU AND KASHMIR,2024,SEP,12765,9,2024-09-01
JAMMU AND KASHMIR,2024,OCT,21910,10,2024-10-01
JAMMU AND KASHMIR,2024,NOV,14866,11,2024-11-01
JAMMU AND KASHMIR,2024,DEC,10147,12,2024-12-01
JAMMU AND KASHMIR,2025,JAN,13167,1,2025-01-01
JAMMU AND KASHMIR,2025,FEB,11732,2,2025-02-01
JAMMU AND KASHMIR,2025,MAR,14566,3,2025-03-01
JAMMU AND KASHMIR,2025,APR,16450,4,2025-04-01
JAMMU AND KASHMIR,2025,MAY,14483,5,2025-05-01
JAMMU AND KASHMIR,2025,JUN,14580,6,2025-06-01
JAMMU AND KASHMIR,2025,JUL,18010,7,2025-07-01
JAMMU AND KASHMIR,2025,AUG,15254,8,2025-08-01
JAMMU AND KASHMIR,2025,SEP,14441,9,2025-09-01
JAMMU AND KASHMIR,2025,OCT,27772,10,2025-10-01
JAMMU AND KASHMIR,2025,NOV,15726,11,2025-11-01
JAMMU AND KASHMIR,2025,DEC,14148,12,2025-12-01
JAMMU AND KASHMIR,2026,JAN,14561,1,2026-01-01
JAMMU AND KASHMIR,2026,FEB,16651,2,2026-02-01
JAMMU AND KASHMIR,2026,MAR,20254,3,2026-03-01
JAMMU AND KASHMIR,2026,APR,20128,4,2026-04-01
JAMMU AND KASHMIR,2026,MAY,19949,5,2026-05-01
JAMMU AND KASHMIR,2026,JUN,22206,6,2026-06-01
JAMMU AND KASHMIR,2026,JUL,17941,7,2026-07-01
JHARKHAND,2020,JAN,41016,1,2020-01-01
JHARKHAND,2020,FEB,49693,2,2020-02-01
JHARKHAND,2020,MAR,77107,3,2020-03-01
JHARKHAND,2020,APR,4524,4,2020-04-01
JHARKHAND,2020,MAY,899,5,2020-05-01
JHARKHAND,2020,JUN,34824,6,2020-06-01
JHARKHAND,2020,JUL,40203,7,2020-07-01
JHARKHAND,2020,AUG,36647,8,2020-08-01
JHARKHAND,2020,SEP,42174,9,2020-09-01
JHARKHAND,2020,OCT,41277,10,2020-10-01
JHARKHAND,2020,NOV,67413,11,2020-11-01
JHARKHAND,2020,DEC,47362,12,2020-12-01
JHARKHAND,2021,JAN,38725,1,2021-01-01
JHARKHAND,2021,FEB,40050,2,2021-02-01
JHARKHAND,2021,MAR,61472,3,2021-03-01
JHARKHAND,2021,APR,32244,4,2021-04-01
JHARKHAND,2021,MAY,24804,5,2021-05-01
JHARKHAND,2021,JUN,40085,6,2021-06-01
JHARKHAND,2021,JUL,37504,7,2021-07-01
JHARKHAND,2021,AUG,34676,8,2021-08-01
JHARKHAND,2021,SEP,31500,9,2021-09-01
JHARKHAND,2021,OCT,36403,10,2021-10-01
JHARKHAND,2021,NOV,59631,11,2021-11-01
JHARKHAND,2021,DEC,33596,12,2021-12-01
JHARKHAND,2022,JAN,31623,1,2022-01-01
JHARKHAND,2022,FEB,34386,2,2022-02-01
JHARKHAND,2022,MAR,47058,3,2022-03-01
JHARKHAND,2022,APR,43123,4,2022-04-01
JHARKHAND,2022,MAY,46237,5,2022-05-01
JHARKHAND,2022,JUN,40132,6,2022-06-01
JHARKHAND,2022,JUL,40768,7,2022-07-01
JHARKHAND,2022,AUG,32875,8,2022-08-01
JHARKHAND,2022,SEP,31164,9,2022-09-01
JHARKHAND,2022,OCT,59702,10,2022-10-01
JHARKHAND,2022,NOV,49295,11,2022-11-01
JHARKHAND,2022,DEC,35281,12,2022-12-01
JHARKHAND,2023,JAN,35640,1,2023-01-01
JHARKHAND,2023,FEB,39972,2,2023-02-01
JHARKHAND,2023,MAR,48239,3,2023-03-01
JHARKHAND,2023,APR,44728,4,2023-04-01
JHARKHAND,2023,MAY,50231,5,2023-05-01
JHARKHAND,2023,JUN,45440,6,2023-06-01
JHARKHAND,2023,JUL,41918,7,2023-07-01
JHARKHAND,2023,AUG,36732,8,2023-08-01
JHARKHAND,2023,SEP,40794,9,2023-09-01
JHARKHAND,2023,OCT,43311,10,2023-10-01
JHARKHAND,2023,NOV,75738,11,2023-11-01
JHARKHAND,2023,DEC,42302,12,2023-12-01
JHARKHAND,2024,JAN,40039,1,2024-01-01
JHARKHAND,2024,FEB,44195,2,2024-02-01
JHARKHAND,2024,MAR,47682,3,2024-03-01
JHARKHAND,2024,APR,56013,4,2024-04-01
JHARKHAND,2024,MAY,46340,5,2024-05-01
JHARKHAND,2024,JUN,47367,6,2024-06-01
JHARKHAND,2024,JUL,48500,7,2024-07-01
JHARKHAND,2024,AUG,37919,8,2024-08-01
JHARKHAND,2024,SEP,35312,9,2024-09-01
JHARKHAND,2024,OCT,63174,10,2024-10-01
JHARKHAND,2024,NOV,74050,11,2024-11-01
JHARKHAND,2024,DEC,38629,12,2024-12-01
JHARKHAND,2025,JAN,47111,1,2025-01-01
JHARKHAND,2025,FEB,43559,2,2025-02-01
JHARKHAND,2025,MAR,52123,3,2025-03-01
JHARKHAND,2025,APR,61532,4,2025-04-01
JHARKHAND,2025,MAY,58317,5,2025-05-01
JHARKHAND,2025,JUN,52789,6,2025-06-01
JHARKHAND,2025,JUL,44898,7,2025-07-01
JHARKHAND,2025,AUG,42145,8,2025-08-01
JHARKHAND,2025,SEP,45981,9,2025-09-01
JHARKHAND,2025,OCT,115172,10,2025-10-01
JHARKHAND,2025,NOV,69013,11,2025-11-01
JHARKHAND,2025,DEC,46515,12,2025-12-01
JHARKHAND,2026,JAN,58147,1,2026-01-01
JHARKHAND,2026,FEB,51455,2,2026-02-01
JHARKHAND,2026,MAR,63098,3,2026-03-01
JHARKHAND,2026,APR,70944,4,2026-04-01
JHARKHAND,2026,MAY,61794,5,2026-05-01
JHARKHAND,2026,JUN,58486,6,2026-06-01
JHARKHAND,2026,JUL,45602,7,2026-07-01
KARNATAKA,2020,JAN,141359,1,2020-01-01
KARNATAKA,2020,FEB,128757,2,2020-02-01
KARNATAKA,2020,MAR,152298,3,2020-03-01
KARNATAKA,2020,APR,17322,4,2020-04-01
KARNATAKA,2020,MAY,37865,5,2020-05-01
KARNATAKA,2020,JUN,92379,6,2020-06-01
KARNATAKA,2020,JUL,79851,7,2020-07-01
KARNATAKA,2020,AUG,96009,8,2020-08-01
KARNATAKA,2020,SEP,114477,9,2020-09-01
KARNATAKA,2020,OCT,104551,10,2020-10-01
KARNATAKA,2020,NOV,131593,11,2020-11-01
KARNATAKA,2020,DEC,109775,12,2020-12-01
KARNATAKA,2021,JAN,136321,1,2021-01-01
KARNATAKA,2021,FEB,112143,2,2021-02-01
KARNATAKA,2021,MAR,126292,3,2021-03-01
KARNATAKA,2021,APR,87098,4,2021-04-01
KARNATAKA,2021,MAY,6574,5,2021-05-01
KARNATAKA,2021,JUN,31771,6,2021-06-01
KARNATAKA,2021,JUL,121358,7,2021-07-01
KARNATAKA,2021,AUG,115980,8,2021-08-01
KARNATAKA,2021,SEP,117167,9,2021-09-01
KARNATAKA,2021,OCT,108187,10,2021-10-01
KARNATAKA,2021,NOV,103128,11,2021-11-01
KARNATAKA,2021,DEC,113160,12,2021-12-01
KARNATAKA,2022,JAN,110303,1,2022-01-01
KARNATAKA,2022,FEB,106525,2,2022-02-01
KARNATAKA,2022,MAR,130985,3,2022-03-01
KARNATAKA,2022,APR,140663,4,2022-04-01
KARNATAKA,2022,MAY,117081,5,2022-05-01
KARNATAKA,2022,JUN,130389,6,2022-06-01
KARNATAKA,2022,JUL,113441,7,2022-07-01
KARNATAKA,2022,AUG,127630,8,2022-08-01
KARNATAKA,2022,SEP,129576,9,2022-09-01
KARNATAKA,2022,OCT,159435,10,2022-10-01
KARNATAKA,2022,NOV,152185,11,2022-11-01
KARNATAKA,2022,DEC,114062,12,2022-12-01
KARNATAKA,2023,JAN,139343,1,2023-01-01
KARNATAKA,2023,FEB,127603,2,2023-02-01
KARNATAKA,2023,MAR,154330,3,2023-03-01
KARNATAKA,2023,APR,131599,4,2023-04-01
KARNATAKA,2023,MAY,136149,5,2023-05-01
KARNATAKA,2023,JUN,148328,6,2023-06-01
KARNATAKA,2023,JUL,137871,7,2023-07-01
KARNATAKA,2023,AUG,148516,8,2023-08-01
KARNATAKA,2023,SEP,150172,9,2023-09-01
KARNATAKA,2023,OCT,155385,10,2023-10-01
KARNATAKA,2023,NOV,182799,11,2023-11-01
KARNATAKA,2023,DEC,134576,12,2023-12-01
KARNATAKA,2024,JAN,168029,1,2024-01-01
KARNATAKA,2024,FEB,156464,2,2024-02-01
KARNATAKA,2024,MAR,172866,3,2024-03-01
KARNATAKA,2024,APR,145409,4,2024-04-01
KARNATAKA,2024,MAY,155964,5,2024-05-01
KARNATAKA,2024,JUN,151469,6,2024-06-01
KARNATAKA,2024,JUL,138825,7,2024-07-01
KARNATAKA,2024,AUG,165635,8,2024-08-01
KARNATAKA,2024,SEP,136581,9,2024-09-01
KARNATAKA,2024,OCT,201741,10,2024-10-01
KARNATAKA,2024,NOV,182513,11,2024-11-01
KARNATAKA,2024,DEC,112641,12,2024-12-01
KARNATAKA,2025,JAN,171935,1,2025-01-01
KARNATAKA,2025,FEB,131549,2,2025-02-01
KARNATAKA,2025,MAR,158668,3,2025-03-01
KARNATAKA,2025,APR,147505,4,2025-04-01
KARNATAKA,2025,MAY,150357,5,2025-05-01
KARNATAKA,2025,JUN,143417,6,2025-06-01
KARNATAKA,2025,JUL,135809,7,2025-07-01
KARNATAKA,2025,AUG,164334,8,2025-08-01
KARNATAKA,2025,SEP,139518,9,2025-09-01
KARNATAKA,2025,OCT,256812,10,2025-10-01
KARNATAKA,2025,NOV,181764,11,2025-11-01
KARNATAKA,2025,DEC,131425,12,2025-12-01
KARNATAKA,2026,JAN,196588,1,2026-01-01
KARNATAKA,2026,FEB,169461,2,2026-02-01
KARNATAKA,2026,MAR,202860,3,2026-03-01
KARNATAKA,2026,APR,185246,4,2026-04-01
KARNATAKA,2026,MAY,173878,5,2026-05-01
KARNATAKA,2026,JUN,188087,6,2026-06-01
KARNATAKA,2026,JUL,151993,7,2026-07-01
KERALA,2020,JAN,77924,1,2020-01-01
KERALA,2020,FEB,64740,2,2020-02-01
KERALA,2020,MAR,68453,3,2020-03-01
KERALA,2020,APR,2360,4,2020-04-01
KERALA,2020,MAY,15750,5,2020-05-01
KERALA,2020,JUN,48337,6,2020-06-01
KERALA,2020,JUL,42132,7,2020-07-01
KERALA,2020,AUG,42723,8,2020-08-01
KERALA,2020,SEP,74855,9,2020-09-01
KERALA,2020,OCT,72156,10,2020-10-01
KERALA,2020,NOV,69196,11,2020-11-01
KERALA,2020,DEC,62866,12,2020-12-01
KERALA,2021,JAN,80400,1,2021-01-01
KERALA,2021,FEB,70559,2,2021-02-01
KERALA,2021,MAR,82730,3,2021-03-01
KERALA,2021,APR,85180,4,2021-04-01
KERALA,2021,MAY,12568,5,2021-05-01
KERALA,2021,JUN,29378,6,2021-06-01
KERALA,2021,JUL,63128,7,2021-07-01
KERALA,2021,AUG,79022,8,2021-08-01
KERALA,2021,SEP,74495,9,2021-09-01
KERALA,2021,OCT,61015,10,2021-10-01
KERALA,2021,NOV,63021,11,2021-11-01
KERALA,2021,DEC,64575,12,2021-12-01
KERALA,2022,JAN,67335,1,2022-01-01
KERALA,2022,FEB,59597,2,2022-02-01
KERALA,2022,MAR,71813,3,2022-03-01
KERALA,2022,APR,62237,4,2022-04-01
KERALA,2022,MAY,59952,5,2022-05-01
KERALA,2022,JUN,64879,6,2022-06-01
KERALA,2022,JUL,56712,7,2022-07-01
KERALA,2022,AUG,76495,8,2022-08-01
KERALA,2022,SEP,77630,9,2022-09-01
KERALA,2022,OCT,65565,10,2022-10-01
KERALA,2022,NOV,60400,11,2022-11-01
KERALA,2022,DEC,61597,12,2022-12-01
KERALA,2023,JAN,65195,1,2023-01-01
KERALA,2023,FEB,59532,2,2023-02-01
KERALA,2023,MAR,81566,3,2023-03-01
KERALA,2023,APR,46832,4,2023-04-01
KERALA,2023,MAY,61675,5,2023-05-01
KERALA,2023,JUN,58269,6,2023-06-01
KERALA,2023,JUL,56841,7,2023-07-01
KERALA,2023,AUG,75565,8,2023-08-01
KERALA,2023,SEP,78837,9,2023-09-01
KERALA,2023,OCT,60539,10,2023-10-01
KERALA,2023,NOV,57853,11,2023-11-01
KERALA,2023,DEC,56648,12,2023-12-01
KERALA,2024,JAN,68199,1,2024-01-01
KERALA,2024,FEB,59196,2,2024-02-01
KERALA,2024,MAR,63885,3,2024-03-01
KERALA,2024,APR,59271,4,2024-04-01
KERALA,2024,MAY,62816,5,2024-05-01
KERALA,2024,JUN,58610,6,2024-06-01
KERALA,2024,JUL,63160,7,2024-07-01
KERALA,2024,AUG,67774,8,2024-08-01
KERALA,2024,SEP,87453,9,2024-09-01
KERALA,2024,OCT,72165,10,2024-10-01
KERALA,2024,NOV,61995,11,2024-11-01
KERALA,2024,DEC,54851,12,2024-12-01
KERALA,2025,JAN,74390,1,2025-01-01
KERALA,2025,FEB,56454,2,2025-02-01
KERALA,2025,MAR,66949,3,2025-03-01
KERALA,2025,APR,65417,4,2025-04-01
KERALA,2025,MAY,69792,5,2025-05-01
KERALA,2025,JUN,66526,6,2025-06-01
KERALA,2025,JUL,68651,7,2025-07-01
KERALA,2025,AUG,87886,8,2025-08-01
KERALA,2025,SEP,74922,9,2025-09-01
KERALA,2025,OCT,99269,10,2025-10-01
KERALA,2025,NOV,78512,11,2025-11-01
KERALA,2025,DEC,79401,12,2025-12-01
KERALA,2026,JAN,92362,1,2026-01-01
KERALA,2026,FEB,80568,2,2026-02-01
KERALA,2026,MAR,88940,3,2026-03-01
KERALA,2026,APR,81063,4,2026-04-01
KERALA,2026,MAY,87245,5,2026-05-01
KERALA,2026,JUN,94025,6,2026-06-01
KERALA,2026,JUL,74187,7,2026-07-01
LADAKH,2020,JAN,81,1,2020-01-01
LADAKH,2020,FEB,79,2,2020-02-01
LADAKH,2020,MAR,563,3,2020-03-01
LADAKH,2020,APR,221,4,2020-04-01
LADAKH,2020,MAY,0,5,2020-05-01
LADAKH,2020,JUN,8,6,2020-06-01
LADAKH,2020,JUL,11,7,2020-07-01
LADAKH,2020,AUG,113,8,2020-08-01
LADAKH,2020,SEP,350,9,2020-09-01
LADAKH,2020,OCT,192,10,2020-10-01
LADAKH,2020,NOV,545,11,2020-11-01
LADAKH,2020,DEC,312,12,2020-12-01
LADAKH,2021,JAN,353,1,2021-01-01
LADAKH,2021,FEB,146,2,2021-02-01
LADAKH,2021,MAR,103,3,2021-03-01
LADAKH,2021,APR,34,4,2021-04-01
LADAKH,2021,MAY,105,5,2021-05-01
LADAKH,2021,JUN,156,6,2021-06-01
LADAKH,2021,JUL,712,7,2021-07-01
LADAKH,2021,AUG,606,8,2021-08-01
LADAKH,2021,SEP,546,9,2021-09-01
LADAKH,2021,OCT,363,10,2021-10-01
LADAKH,2021,NOV,393,11,2021-11-01
LADAKH,2021,DEC,250,12,2021-12-01
LADAKH,2022,JAN,267,1,2022-01-01
LADAKH,2022,FEB,115,2,2022-02-01
LADAKH,2022,MAR,162,3,2022-03-01
LADAKH,2022,APR,566,4,2022-04-01
LADAKH,2022,MAY,946,5,2022-05-01
LADAKH,2022,JUN,1096,6,2022-06-01
LADAKH,2022,JUL,770,7,2022-07-01
LADAKH,2022,AUG,608,8,2022-08-01
LADAKH,2022,SEP,347,9,2022-09-01
LADAKH,2022,OCT,432,10,2022-10-01
LADAKH,2022,NOV,452,11,2022-11-01
LADAKH,2022,DEC,282,12,2022-12-01
LADAKH,2023,JAN,202,1,2023-01-01
LADAKH,2023,FEB,130,2,2023-02-01
LADAKH,2023,MAR,185,3,2023-03-01
LADAKH,2023,APR,552,4,2023-04-01
LADAKH,2023,MAY,825,5,2023-05-01
LADAKH,2023,JUN,775,6,2023-06-01
LADAKH,2023,JUL,628,7,2023-07-01
LADAKH,2023,AUG,512,8,2023-08-01
LADAKH,2023,SEP,414,9,2023-09-01
LADAKH,2023,OCT,331,10,2023-10-01
LADAKH,2023,NOV,317,11,2023-11-01
LADAKH,2023,DEC,273,12,2023-12-01
LADAKH,2024,JAN,282,1,2024-01-01
LADAKH,2024,FEB,116,2,2024-02-01
LADAKH,2024,MAR,229,3,2024-03-01
LADAKH,2024,APR,466,4,2024-04-01
LADAKH,2024,MAY,751,5,2024-05-01
LADAKH,2024,JUN,784,6,2024-06-01
LADAKH,2024,JUL,681,7,2024-07-01
LADAKH,2024,AUG,570,8,2024-08-01
LADAKH,2024,SEP,385,9,2024-09-01
LADAKH,2024,OCT,433,10,2024-10-01
LADAKH,2024,NOV,422,11,2024-11-01
LADAKH,2024,DEC,317,12,2024-12-01
LADAKH,2025,JAN,246,1,2025-01-01
LADAKH,2025,FEB,137,2,2025-02-01
LADAKH,2025,MAR,211,3,2025-03-01
LADAKH,2025,APR,296,4,2025-04-01
LADAKH,2025,MAY,567,5,2025-05-01
LADAKH,2025,JUN,594,6,2025-06-01
LADAKH,2025,JUL,503,7,2025-07-01
LADAKH,2025,AUG,359,8,2025-08-01
LADAKH,2025,SEP,231,9,2025-09-01
LADAKH,2025,OCT,444,10,2025-10-01
LADAKH,2025,NOV,343,11,2025-11-01
LADAKH,2025,DEC,367,12,2025-12-01
LADAKH,2026,JAN,301,1,2026-01-01
LADAKH,2026,FEB,152,2,2026-02-01
LADAKH,2026,MAR,170,3,2026-03-01
LADAKH,2026,APR,466,4,2026-04-01
LADAKH,2026,MAY,664,5,2026-05-01
LADAKH,2026,JUN,723,6,2026-06-01
LADAKH,2026,JUL,530,7,2026-07-01
LAKSHADWEEP,2020,JAN,151,1,2020-01-01
LAKSHADWEEP,2020,FEB,117,2,2020-02-01
LAKSHADWEEP,2020,MAR,123,3,2020-03-01
LAKSHADWEEP,2020,APR,59,4,2020-04-01
LAKSHADWEEP,2020,MAY,43,5,2020-05-01
LAKSHADWEEP,2020,JUN,69,6,2020-06-01
LAKSHADWEEP,2020,JUL,61,7,2020-07-01
LAKSHADWEEP,2020,AUG,56,8,2020-08-01
LAKSHADWEEP,2020,SEP,62,9,2020-09-01
LAKSHADWEEP,2020,OCT,61,10,2020-10-01
LAKSHADWEEP,2020,NOV,135,11,2020-11-01
LAKSHADWEEP,2020,DEC,128,12,2020-12-01
LAKSHADWEEP,2021,JAN,126,1,2021-01-01
LAKSHADWEEP,2021,FEB,112,2,2021-02-01
LAKSHADWEEP,2021,MAR,209,3,2021-03-01
LAKSHADWEEP,2021,APR,132,4,2021-04-01
LAKSHADWEEP,2021,MAY,64,5,2021-05-01
LAKSHADWEEP,2021,JUN,75,6,2021-06-01
LAKSHADWEEP,2021,JUL,90,7,2021-07-01
LAKSHADWEEP,2021,AUG,39,8,2021-08-01
LAKSHADWEEP,2021,SEP,43,9,2021-09-01
LAKSHADWEEP,2021,OCT,64,10,2021-10-01
LAKSHADWEEP,2021,NOV,122,11,2021-11-01
LAKSHADWEEP,2021,DEC,123,12,2021-12-01
LAKSHADWEEP,2022,JAN,84,1,2022-01-01
LAKSHADWEEP,2022,FEB,56,2,2022-02-01
LAKSHADWEEP,2022,MAR,46,3,2022-03-01
LAKSHADWEEP,2022,APR,19,4,2022-04-01
LAKSHADWEEP,2022,MAY,104,5,2022-05-01
LAKSHADWEEP,2022,JUN,56,6,2022-06-01
LAKSHADWEEP,2022,JUL,24,7,2022-07-01
LAKSHADWEEP,2022,AUG,23,8,2022-08-01
LAKSHADWEEP,2022,SEP,27,9,2022-09-01
LAKSHADWEEP,2022,OCT,38,10,2022-10-01
LAKSHADWEEP,2022,NOV,44,11,2022-11-01
LAKSHADWEEP,2022,DEC,88,12,2022-12-01
LAKSHADWEEP,2023,JAN,62,1,2023-01-01
LAKSHADWEEP,2023,FEB,39,2,2023-02-01
LAKSHADWEEP,2023,MAR,61,3,2023-03-01
LAKSHADWEEP,2023,APR,66,4,2023-04-01
LAKSHADWEEP,2023,MAY,91,5,2023-05-01
LAKSHADWEEP,2023,JUN,43,6,2023-06-01
LAKSHADWEEP,2023,JUL,41,7,2023-07-01
LAKSHADWEEP,2023,AUG,25,8,2023-08-01
LAKSHADWEEP,2023,SEP,36,9,2023-09-01
LAKSHADWEEP,2023,OCT,31,10,2023-10-01
LAKSHADWEEP,2023,NOV,45,11,2023-11-01
LAKSHADWEEP,2023,DEC,79,12,2023-12-01
LAKSHADWEEP,2024,JAN,51,1,2024-01-01
LAKSHADWEEP,2024,FEB,78,2,2024-02-01
LAKSHADWEEP,2024,MAR,100,3,2024-03-01
LAKSHADWEEP,2024,APR,17,4,2024-04-01
LAKSHADWEEP,2024,MAY,62,5,2024-05-01
LAKSHADWEEP,2024,JUN,42,6,2024-06-01
LAKSHADWEEP,2024,JUL,36,7,2024-07-01
LAKSHADWEEP,2024,AUG,25,8,2024-08-01
LAKSHADWEEP,2024,SEP,61,9,2024-09-01
LAKSHADWEEP,2024,OCT,34,10,2024-10-01
LAKSHADWEEP,2024,NOV,35,11,2024-11-01
LAKSHADWEEP,2024,DEC,35,12,2024-12-01
LAKSHADWEEP,2025,JAN,49,1,2025-01-01
LAKSHADWEEP,2025,FEB,135,2,2025-02-01
LAKSHADWEEP,2025,MAR,136,3,2025-03-01
LAKSHADWEEP,2025,APR,126,4,2025-04-01
LAKSHADWEEP,2025,MAY,105,5,2025-05-01
LAKSHADWEEP,2025,JUN,100,6,2025-06-01
LAKSHADWEEP,2025,JUL,57,7,2025-07-01
LAKSHADWEEP,2025,AUG,41,8,2025-08-01
LAKSHADWEEP,2025,SEP,50,9,2025-09-01
LAKSHADWEEP,2025,OCT,39,10,2025-10-01
LAKSHADWEEP,2025,NOV,68,11,2025-11-01
LAKSHADWEEP,2025,DEC,104,12,2025-12-01
LAKSHADWEEP,2026,JAN,94,1,2026-01-01
LAKSHADWEEP,2026,FEB,150,2,2026-02-01
LAKSHADWEEP,2026,MAR,128,3,2026-03-01
LAKSHADWEEP,2026,APR,100,4,2026-04-01
LAKSHADWEEP,2026,MAY,126,5,2026-05-01
LAKSHADWEEP,2026,JUN,75,6,2026-06-01
LAKSHADWEEP,2026,JUL,42,7,2026-07-01
MADHYA PRADESH,2020,JAN,130814,1,2020-01-01
MADHYA PRADESH,2020,FEB,122972,2,2020-02-01
MADHYA PRADESH,2020,MAR,167885,3,2020-03-01
MADHYA PRADESH,2020,APR,97050,4,2020-04-01
MADHYA PRADESH,2020,MAY,2416,5,2020-05-01
MADHYA PRADESH,2020,JUN,58237,6,2020-06-01
MADHYA PRADESH,2020,JUL,100343,7,2020-07-01
MADHYA PRADESH,2020,AUG,98952,8,2020-08-01
MADHYA PRADESH,2020,SEP,95413,9,2020-09-01
MADHYA PRADESH,2020,OCT,85136,10,2020-10-01
MADHYA PRADESH,2020,NOV,128826,11,2020-11-01
MADHYA PRADESH,2020,DEC,174403,12,2020-12-01
MADHYA PRADESH,2021,JAN,133366,1,2021-01-01
MADHYA PRADESH,2021,FEB,96572,2,2021-02-01
MADHYA PRADESH,2021,MAR,112386,3,2021-03-01
MADHYA PRADESH,2021,APR,38466,4,2021-04-01
MADHYA PRADESH,2021,MAY,7310,5,2021-05-01
MADHYA PRADESH,2021,JUN,114780,6,2021-06-01
MADHYA PRADESH,2021,JUL,131033,7,2021-07-01
MADHYA PRADESH,2021,AUG,93560,8,2021-08-01
MADHYA PRADESH,2021,SEP,88668,9,2021-09-01
MADHYA PRADESH,2021,OCT,70722,10,2021-10-01
MADHYA PRADESH,2021,NOV,124650,11,2021-11-01
MADHYA PRADESH,2021,DEC,139460,12,2021-12-01
MADHYA PRADESH,2022,JAN,101036,1,2022-01-01
MADHYA PRADESH,2022,FEB,92541,2,2022-02-01
MADHYA PRADESH,2022,MAR,104689,3,2022-03-01
MADHYA PRADESH,2022,APR,96426,4,2022-04-01
MADHYA PRADESH,2022,MAY,121891,5,2022-05-01
MADHYA PRADESH,2022,JUN,109341,6,2022-06-01
MADHYA PRADESH,2022,JUL,110785,7,2022-07-01
MADHYA PRADESH,2022,AUG,132039,8,2022-08-01
MADHYA PRADESH,2022,SEP,73739,9,2022-09-01
MADHYA PRADESH,2022,OCT,169042,10,2022-10-01
MADHYA PRADESH,2022,NOV,159754,11,2022-11-01
MADHYA PRADESH,2022,DEC,95792,12,2022-12-01
MADHYA PRADESH,2023,JAN,115398,1,2023-01-01
MADHYA PRADESH,2023,FEB,109176,2,2023-02-01
MADHYA PRADESH,2023,MAR,139788,3,2023-03-01
MADHYA PRADESH,2023,APR,83807,4,2023-04-01
MADHYA PRADESH,2023,MAY,127057,5,2023-05-01
MADHYA PRADESH,2023,JUN,113226,6,2023-06-01
MADHYA PRADESH,2023,JUL,103719,7,2023-07-01
MADHYA PRADESH,2023,AUG,106548,8,2023-08-01
MADHYA PRADESH,2023,SEP,103337,9,2023-09-01
MADHYA PRADESH,2023,OCT,132125,10,2023-10-01
MADHYA PRADESH,2023,NOV,243948,11,2023-11-01
MADHYA PRADESH,2023,DEC,120399,12,2023-12-01
MADHYA PRADESH,2024,JAN,134264,1,2024-01-01
MADHYA PRADESH,2024,FEB,126799,2,2024-02-01
MADHYA PRADESH,2024,MAR,131963,3,2024-03-01
MADHYA PRADESH,2024,APR,153872,4,2024-04-01
MADHYA PRADESH,2024,MAY,124737,5,2024-05-01
MADHYA PRADESH,2024,JUN,111127,6,2024-06-01
MADHYA PRADESH,2024,JUL,118725,7,2024-07-01
MADHYA PRADESH,2024,AUG,103494,8,2024-08-01
MADHYA PRADESH,2024,SEP,90533,9,2024-09-01
MADHYA PRADESH,2024,OCT,189631,10,2024-10-01
MADHYA PRADESH,2024,NOV,284024,11,2024-11-01
MADHYA PRADESH,2024,DEC,98570,12,2024-12-01
MADHYA PRADESH,2025,JAN,138273,1,2025-01-01
MADHYA PRADESH,2025,FEB,116875,2,2025-02-01
MADHYA PRADESH,2025,MAR,138869,3,2025-03-01
MADHYA PRADESH,2025,APR,145359,4,2025-04-01
MADHYA PRADESH,2025,MAY,136378,5,2025-05-01
MADHYA PRADESH,2025,JUN,106716,6,2025-06-01
MADHYA PRADESH,2025,JUL,103169,7,2025-07-01
MADHYA PRADESH,2025,AUG,104092,8,2025-08-01
MADHYA PRADESH,2025,SEP,105255,9,2025-09-01
MADHYA PRADESH,2025,OCT,317401,10,2025-10-01
MADHYA PRADESH,2025,NOV,184209,11,2025-11-01
MADHYA PRADESH,2025,DEC,102894,12,2025-12-01
MADHYA PRADESH,2026,JAN,163849,1,2026-01-01
MADHYA PRADESH,2026,FEB,150691,2,2026-02-01
MADHYA PRADESH,2026,MAR,171589,3,2026-03-01
MADHYA PRADESH,2026,APR,149138,4,2026-04-01
MADHYA PRADESH,2026,MAY,135168,5,2026-05-01
MADHYA PRADESH,2026,JUN,127466,6,2026-06-01
MADHYA PRADESH,2026,JUL,102885,7,2026-07-01
MAHARASHTRA,2020,JAN,214293,1,2020-01-01
MAHARASHTRA,2020,FEB,172949,2,2020-02-01
MAHARASHTRA,2020,MAR,267970,3,2020-03-01
MAHARASHTRA,2020,APR,21520,4,2020-04-01
MAHARASHTRA,2020,MAY,5755,5,2020-05-01
MAHARASHTRA,2020,JUN,60100,6,2020-06-01
MAHARASHTRA,2020,JUL,100689,7,2020-07-01
MAHARASHTRA,2020,AUG,121187,8,2020-08-01
MAHARASHTRA,2020,SEP,155180,9,2020-09-01
MAHARASHTRA,2020,OCT,175412,10,2020-10-01
MAHARASHTRA,2020,NOV,235807,11,2020-11-01
MAHARASHTRA,2020,DEC,243907,12,2020-12-01
MAHARASHTRA,2021,JAN,203377,1,2021-01-01
MAHARASHTRA,2021,FEB,185958,2,2021-02-01
MAHARASHTRA,2021,MAR,187527,3,2021-03-01
MAHARASHTRA,2021,APR,74129,4,2021-04-01
MAHARASHTRA,2021,MAY,35452,5,2021-05-01
MAHARASHTRA,2021,JUN,114640,6,2021-06-01
MAHARASHTRA,2021,JUL,206626,7,2021-07-01
MAHARASHTRA,2021,AUG,178397,8,2021-08-01
MAHARASHTRA,2021,SEP,142510,9,2021-09-01
MAHARASHTRA,2021,OCT,188285,10,2021-10-01
MAHARASHTRA,2021,NOV,219158,11,2021-11-01
MAHARASHTRA,2021,DEC,186974,12,2021-12-01
MAHARASHTRA,2022,JAN,197799,1,2022-01-01
MAHARASHTRA,2022,FEB,170483,2,2022-02-01
MAHARASHTRA,2022,MAR,197496,3,2022-03-01
MAHARASHTRA,2022,APR,191781,4,2022-04-01
MAHARASHTRA,2022,MAY,177834,5,2022-05-01
MAHARASHTRA,2022,JUN,172918,6,2022-06-01
MAHARASHTRA,2022,JUL,167438,7,2022-07-01
MAHARASHTRA,2022,AUG,180545,8,2022-08-01
MAHARASHTRA,2022,SEP,181157,9,2022-09-01
MAHARASHTRA,2022,OCT,268303,10,2022-10-01
MAHARASHTRA,2022,NOV,269751,11,2022-11-01
MAHARASHTRA,2022,DEC,197862,12,2022-12-01
MAHARASHTRA,2023,JAN,223930,1,2023-01-01
MAHARASHTRA,2023,FEB,188798,2,2023-02-01
MAHARASHTRA,2023,MAR,226264,3,2023-03-01
MAHARASHTRA,2023,APR,193927,4,2023-04-01
MAHARASHTRA,2023,MAY,186747,5,2023-05-01
MAHARASHTRA,2023,JUN,182237,6,2023-06-01
MAHARASHTRA,2023,JUL,185934,7,2023-07-01
MAHARASHTRA,2023,AUG,197077,8,2023-08-01
MAHARASHTRA,2023,SEP,199797,9,2023-09-01
MAHARASHTRA,2023,OCT,242664,10,2023-10-01
MAHARASHTRA,2023,NOV,305775,11,2023-11-01
MAHARASHTRA,2023,DEC,230149,12,2023-12-01
MAHARASHTRA,2024,JAN,255047,1,2024-01-01
MAHARASHTRA,2024,FEB,214237,2,2024-02-01
MAHARASHTRA,2024,MAR,220825,3,2024-03-01
MAHARASHTRA,2024,APR,246813,4,2024-04-01
MAHARASHTRA,2024,MAY,225022,5,2024-05-01
MAHARASHTRA,2024,JUN,192708,6,2024-06-01
MAHARASHTRA,2024,JUL,206126,7,2024-07-01
MAHARASHTRA,2024,AUG,202297,8,2024-08-01
MAHARASHTRA,2024,SEP,197500,9,2024-09-01
MAHARASHTRA,2024,OCT,366014,10,2024-10-01
MAHARASHTRA,2024,NOV,332844,11,2024-11-01
MAHARASHTRA,2024,DEC,228080,12,2024-12-01
MAHARASHTRA,2025,JAN,289789,1,2025-01-01
MAHARASHTRA,2025,FEB,198197,2,2025-02-01
MAHARASHTRA,2025,MAR,267002,3,2025-03-01
MAHARASHTRA,2025,APR,277172,4,2025-04-01
MAHARASHTRA,2025,MAY,229856,5,2025-05-01
MAHARASHTRA,2025,JUN,218606,6,2025-06-01
MAHARASHTRA,2025,JUL,232075,7,2025-07-01
MAHARASHTRA,2025,AUG,239688,8,2025-08-01
MAHARASHTRA,2025,SEP,211051,9,2025-09-01
MAHARASHTRA,2025,OCT,448963,10,2025-10-01
MAHARASHTRA,2025,NOV,408250,11,2025-11-01
MAHARASHTRA,2025,DEC,267812,12,2025-12-01
MAHARASHTRA,2026,JAN,342627,1,2026-01-01
MAHARASHTRA,2026,FEB,270965,2,2026-02-01
MAHARASHTRA,2026,MAR,332553,3,2026-03-01
MAHARASHTRA,2026,APR,302089,4,2026-04-01
MAHARASHTRA,2026,MAY,252934,5,2026-05-01
MAHARASHTRA,2026,JUN,262272,6,2026-06-01
MAHARASHTRA,2026,JUL,222446,7,2026-07-01
MANIPUR,2020,JAN,2951,1,2020-01-01
MANIPUR,2020,FEB,3323,2,2020-02-01
MANIPUR,2020,MAR,4017,3,2020-03-01
MANIPUR,2020,APR,467,4,2020-04-01
MANIPUR,2020,MAY,22,5,2020-05-01
MANIPUR,2020,JUN,69,6,2020-06-01
MANIPUR,2020,JUL,237,7,2020-07-01
MANIPUR,2020,AUG,129,8,2020-08-01
MANIPUR,2020,SEP,891,9,2020-09-01
MANIPUR,2020,OCT,318,10,2020-10-01
MANIPUR,2020,NOV,1587,11,2020-11-01
MANIPUR,2020,DEC,2274,12,2020-12-01
MANIPUR,2021,JAN,2916,1,2021-01-01
MANIPUR,2021,FEB,4240,2,2021-02-01
MANIPUR,2021,MAR,5102,3,2021-03-01
MANIPUR,2021,APR,4215,4,2021-04-01
MANIPUR,2021,MAY,327,5,2021-05-01
MANIPUR,2021,JUN,311,6,2021-06-01
MANIPUR,2021,JUL,675,7,2021-07-01
MANIPUR,2021,AUG,1810,8,2021-08-01
MANIPUR,2021,SEP,4918,9,2021-09-01
MANIPUR,2021,OCT,3282,10,2021-10-01
MANIPUR,2021,NOV,3574,11,2021-11-01
MANIPUR,2021,DEC,4759,12,2021-12-01
MANIPUR,2022,JAN,4569,1,2022-01-01
MANIPUR,2022,FEB,5881,2,2022-02-01
MANIPUR,2022,MAR,4494,3,2022-03-01
MANIPUR,2022,APR,2371,4,2022-04-01
MANIPUR,2022,MAY,3363,5,2022-05-01
MANIPUR,2022,JUN,4631,6,2022-06-01
MANIPUR,2022,JUL,5143,7,2022-07-01
MANIPUR,2022,AUG,4494,8,2022-08-01
MANIPUR,2022,SEP,3546,9,2022-09-01
MANIPUR,2022,OCT,3484,10,2022-10-01
MANIPUR,2022,NOV,7453,11,2022-11-01
MANIPUR,2022,DEC,5947,12,2022-12-01
MANIPUR,2023,JAN,4415,1,2023-01-01
MANIPUR,2023,FEB,4131,2,2023-02-01
MANIPUR,2023,MAR,4577,3,2023-03-01
MANIPUR,2023,APR,4684,4,2023-04-01
MANIPUR,2023,MAY,766,5,2023-05-01
MANIPUR,2023,JUN,581,6,2023-06-01
MANIPUR,2023,JUL,1700,7,2023-07-01
MANIPUR,2023,AUG,1448,8,2023-08-01
MANIPUR,2023,SEP,709,9,2023-09-01
MANIPUR,2023,OCT,1351,10,2023-10-01
MANIPUR,2023,NOV,1131,11,2023-11-01
MANIPUR,2023,DEC,1246,12,2023-12-01
MANIPUR,2024,JAN,2110,1,2024-01-01
MANIPUR,2024,FEB,2130,2,2024-02-01
MANIPUR,2024,MAR,1844,3,2024-03-01
MANIPUR,2024,APR,2270,4,2024-04-01
MANIPUR,2024,MAY,2309,5,2024-05-01
MANIPUR,2024,JUN,2607,6,2024-06-01
MANIPUR,2024,JUL,3209,7,2024-07-01
MANIPUR,2024,AUG,2998,8,2024-08-01
MANIPUR,2024,SEP,1821,9,2024-09-01
MANIPUR,2024,OCT,2796,10,2024-10-01
MANIPUR,2024,NOV,1779,11,2024-11-01
MANIPUR,2024,DEC,2204,12,2024-12-01
MANIPUR,2025,JAN,2142,1,2025-01-01
MANIPUR,2025,FEB,2758,2,2025-02-01
MANIPUR,2025,MAR,2183,3,2025-03-01
MANIPUR,2025,APR,2936,4,2025-04-01
MANIPUR,2025,MAY,1278,5,2025-05-01
MANIPUR,2025,JUN,3065,6,2025-06-01
MANIPUR,2025,JUL,2649,7,2025-07-01
MANIPUR,2025,AUG,4629,8,2025-08-01
MANIPUR,2025,SEP,2988,9,2025-09-01
MANIPUR,2025,OCT,3900,10,2025-10-01
MANIPUR,2025,NOV,3344,11,2025-11-01
MANIPUR,2025,DEC,3776,12,2025-12-01
MANIPUR,2026,JAN,3420,1,2026-01-01
MANIPUR,2026,FEB,3736,2,2026-02-01
MANIPUR,2026,MAR,4036,3,2026-03-01
MANIPUR,2026,APR,2833,4,2026-04-01
MANIPUR,2026,MAY,4142,5,2026-05-01
MANIPUR,2026,JUN,3096,6,2026-06-01
MANIPUR,2026,JUL,746,7,2026-07-01
MEGHALAYA,2020,JAN,3132,1,2020-01-01
MEGHALAYA,2020,FEB,2982,2,2020-02-01
MEGHALAYA,2020,MAR,2572,3,2020-03-01
MEGHALAYA,2020,APR,271,4,2020-04-01
MEGHALAYA,2020,MAY,153,5,2020-05-01
MEGHALAYA,2020,JUN,1373,6,2020-06-01
MEGHALAYA,2020,JUL,1580,7,2020-07-01
MEGHALAYA,2020,AUG,1852,8,2020-08-01
MEGHALAYA,2020,SEP,2598,9,2020-09-01
MEGHALAYA,2020,OCT,2401,10,2020-10-01
MEGHALAYA,2020,NOV,2310,11,2020-11-01
MEGHALAYA,2020,DEC,2266,12,2020-12-01
MEGHALAYA,2021,JAN,2495,1,2021-01-01
MEGHALAYA,2021,FEB,2504,2,2021-02-01
MEGHALAYA,2021,MAR,3161,3,2021-03-01
MEGHALAYA,2021,APR,2442,4,2021-04-01
MEGHALAYA,2021,MAY,502,5,2021-05-01
MEGHALAYA,2021,JUN,754,6,2021-06-01
MEGHALAYA,2021,JUL,1714,7,2021-07-01
MEGHALAYA,2021,AUG,2414,8,2021-08-01
MEGHALAYA,2021,SEP,2630,9,2021-09-01
MEGHALAYA,2021,OCT,2420,10,2021-10-01
MEGHALAYA,2021,NOV,2569,11,2021-11-01
MEGHALAYA,2021,DEC,2288,12,2021-12-01
MEGHALAYA,2022,JAN,2567,1,2022-01-01
MEGHALAYA,2022,FEB,2475,2,2022-02-01
MEGHALAYA,2022,MAR,3361,3,2022-03-01
MEGHALAYA,2022,APR,2760,4,2022-04-01
MEGHALAYA,2022,MAY,3270,5,2022-05-01
MEGHALAYA,2022,JUN,2796,6,2022-06-01
MEGHALAYA,2022,JUL,2777,7,2022-07-01
MEGHALAYA,2022,AUG,3316,8,2022-08-01
MEGHALAYA,2022,SEP,3216,9,2022-09-01
MEGHALAYA,2022,OCT,3167,10,2022-10-01
MEGHALAYA,2022,NOV,3193,11,2022-11-01
MEGHALAYA,2022,DEC,2712,12,2022-12-01
MEGHALAYA,2023,JAN,3097,1,2023-01-01
MEGHALAYA,2023,FEB,2575,2,2023-02-01
MEGHALAYA,2023,MAR,3759,3,2023-03-01
MEGHALAYA,2023,APR,3012,4,2023-04-01
MEGHALAYA,2023,MAY,3434,5,2023-05-01
MEGHALAYA,2023,JUN,3305,6,2023-06-01
MEGHALAYA,2023,JUL,3503,7,2023-07-01
MEGHALAYA,2023,AUG,3736,8,2023-08-01
MEGHALAYA,2023,SEP,3580,9,2023-09-01
MEGHALAYA,2023,OCT,3618,10,2023-10-01
MEGHALAYA,2023,NOV,3791,11,2023-11-01
MEGHALAYA,2023,DEC,2949,12,2023-12-01
MEGHALAYA,2024,JAN,3549,1,2024-01-01
MEGHALAYA,2024,FEB,3708,2,2024-02-01
MEGHALAYA,2024,MAR,4349,3,2024-03-01
MEGHALAYA,2024,APR,3387,4,2024-04-01
MEGHALAYA,2024,MAY,3935,5,2024-05-01
MEGHALAYA,2024,JUN,3189,6,2024-06-01
MEGHALAYA,2024,JUL,3719,7,2024-07-01
MEGHALAYA,2024,AUG,3416,8,2024-08-01
MEGHALAYA,2024,SEP,3377,9,2024-09-01
MEGHALAYA,2024,OCT,3920,10,2024-10-01
MEGHALAYA,2024,NOV,3594,11,2024-11-01
MEGHALAYA,2024,DEC,2234,12,2024-12-01
MEGHALAYA,2025,JAN,3818,1,2025-01-01
MEGHALAYA,2025,FEB,2973,2,2025-02-01
MEGHALAYA,2025,MAR,3497,3,2025-03-01
MEGHALAYA,2025,APR,3460,4,2025-04-01
MEGHALAYA,2025,MAY,3420,5,2025-05-01
MEGHALAYA,2025,JUN,3277,6,2025-06-01
MEGHALAYA,2025,JUL,3784,7,2025-07-01
MEGHALAYA,2025,AUG,3467,8,2025-08-01
MEGHALAYA,2025,SEP,3700,9,2025-09-01
MEGHALAYA,2025,OCT,4940,10,2025-10-01
MEGHALAYA,2025,NOV,4106,11,2025-11-01
MEGHALAYA,2025,DEC,3250,12,2025-12-01
MEGHALAYA,2026,JAN,3813,1,2026-01-01
MEGHALAYA,2026,FEB,3617,2,2026-02-01
MEGHALAYA,2026,MAR,3834,3,2026-03-01
MEGHALAYA,2026,APR,3655,4,2026-04-01
MEGHALAYA,2026,MAY,3984,5,2026-05-01
MEGHALAYA,2026,JUN,4248,6,2026-06-01
MEGHALAYA,2026,JUL,3092,7,2026-07-01
MIZORAM,2020,JAN,2799,1,2020-01-01
MIZORAM,2020,FEB,2463,2,2020-02-01
MIZORAM,2020,MAR,2290,3,2020-03-01
MIZORAM,2020,APR,320,4,2020-04-01
MIZORAM,2020,MAY,1181,5,2020-05-01
MIZORAM,2020,JUN,1004,6,2020-06-01
MIZORAM,2020,JUL,1938,7,2020-07-01
MIZORAM,2020,AUG,1328,8,2020-08-01
MIZORAM,2020,SEP,1996,9,2020-09-01
MIZORAM,2020,OCT,2698,10,2020-10-01
MIZORAM,2020,NOV,2133,11,2020-11-01
MIZORAM,2020,DEC,3158,12,2020-12-01
MIZORAM,2021,JAN,3365,1,2021-01-01
MIZORAM,2021,FEB,3332,2,2021-02-01
MIZORAM,2021,MAR,3106,3,2021-03-01
MIZORAM,2021,APR,2019,4,2021-04-01
MIZORAM,2021,MAY,26,5,2021-05-01
MIZORAM,2021,JUN,1151,6,2021-06-01
MIZORAM,2021,JUL,1460,7,2021-07-01
MIZORAM,2021,AUG,1453,8,2021-08-01
MIZORAM,2021,SEP,1978,9,2021-09-01
MIZORAM,2021,OCT,2411,10,2021-10-01
MIZORAM,2021,NOV,2464,11,2021-11-01
MIZORAM,2021,DEC,2313,12,2021-12-01
MIZORAM,2022,JAN,1973,1,2022-01-01
MIZORAM,2022,FEB,2257,2,2022-02-01
MIZORAM,2022,MAR,2533,3,2022-03-01
MIZORAM,2022,APR,2128,4,2022-04-01
MIZORAM,2022,MAY,2286,5,2022-05-01
MIZORAM,2022,JUN,2299,6,2022-06-01
MIZORAM,2022,JUL,1883,7,2022-07-01
MIZORAM,2022,AUG,2647,8,2022-08-01
MIZORAM,2022,SEP,2177,9,2022-09-01
MIZORAM,2022,OCT,2186,10,2022-10-01
MIZORAM,2022,NOV,2173,11,2022-11-01
MIZORAM,2022,DEC,2454,12,2022-12-01
MIZORAM,2023,JAN,2334,1,2023-01-01
MIZORAM,2023,FEB,2235,2,2023-02-01
MIZORAM,2023,MAR,2250,3,2023-03-01
MIZORAM,2023,APR,2023,4,2023-04-01
MIZORAM,2023,MAY,2182,5,2023-05-01
MIZORAM,2023,JUN,2323,6,2023-06-01
MIZORAM,2023,JUL,2358,7,2023-07-01
MIZORAM,2023,AUG,2509,8,2023-08-01
MIZORAM,2023,SEP,2205,9,2023-09-01
MIZORAM,2023,OCT,2668,10,2023-10-01
MIZORAM,2023,NOV,2771,11,2023-11-01
MIZORAM,2023,DEC,2804,12,2023-12-01
MIZORAM,2024,JAN,2681,1,2024-01-01
MIZORAM,2024,FEB,2979,2,2024-02-01
MIZORAM,2024,MAR,2701,3,2024-03-01
MIZORAM,2024,APR,2560,4,2024-04-01
MIZORAM,2024,MAY,2671,5,2024-05-01
MIZORAM,2024,JUN,2270,6,2024-06-01
MIZORAM,2024,JUL,2581,7,2024-07-01
MIZORAM,2024,AUG,2123,8,2024-08-01
MIZORAM,2024,SEP,2007,9,2024-09-01
MIZORAM,2024,OCT,2285,10,2024-10-01
MIZORAM,2024,NOV,2746,11,2024-11-01
MIZORAM,2024,DEC,2386,12,2024-12-01
MIZORAM,2025,JAN,2404,1,2025-01-01
MIZORAM,2025,FEB,2191,2,2025-02-01
MIZORAM,2025,MAR,2569,3,2025-03-01
MIZORAM,2025,APR,2874,4,2025-04-01
MIZORAM,2025,MAY,2540,5,2025-05-01
MIZORAM,2025,JUN,2332,6,2025-06-01
MIZORAM,2025,JUL,2514,7,2025-07-01
MIZORAM,2025,AUG,2302,8,2025-08-01
MIZORAM,2025,SEP,2595,9,2025-09-01
MIZORAM,2025,OCT,2814,10,2025-10-01
MIZORAM,2025,NOV,2512,11,2025-11-01
MIZORAM,2025,DEC,2684,12,2025-12-01
MIZORAM,2026,JAN,3228,1,2026-01-01
MIZORAM,2026,FEB,2481,2,2026-02-01
MIZORAM,2026,MAR,3112,3,2026-03-01
MIZORAM,2026,APR,2821,4,2026-04-01
MIZORAM,2026,MAY,3020,5,2026-05-01
MIZORAM,2026,JUN,3104,6,2026-06-01
MIZORAM,2026,JUL,2717,7,2026-07-01
NAGALAND,2020,JAN,2155,1,2020-01-01
NAGALAND,2020,FEB,2734,2,2020-02-01
NAGALAND,2020,MAR,2769,3,2020-03-01
NAGALAND,2020,APR,978,4,2020-04-01
NAGALAND,2020,MAY,227,5,2020-05-01
NAGALAND,2020,JUN,283,6,2020-06-01
NAGALAND,2020,JUL,37,7,2020-07-01
NAGALAND,2020,AUG,701,8,2020-08-01
NAGALAND,2020,SEP,1767,9,2020-09-01
NAGALAND,2020,OCT,1461,10,2020-10-01
NAGALAND,2020,NOV,1973,11,2020-11-01
NAGALAND,2020,DEC,1394,12,2020-12-01
NAGALAND,2021,JAN,1849,1,2021-01-01
NAGALAND,2021,FEB,2269,2,2021-02-01
NAGALAND,2021,MAR,2607,3,2021-03-01
NAGALAND,2021,APR,2273,4,2021-04-01
NAGALAND,2021,MAY,443,5,2021-05-01
NAGALAND,2021,JUN,402,6,2021-06-01
NAGALAND,2021,JUL,2400,7,2021-07-01
NAGALAND,2021,AUG,2025,8,2021-08-01
NAGALAND,2021,SEP,2148,9,2021-09-01
NAGALAND,2021,OCT,2007,10,2021-10-01
NAGALAND,2021,NOV,1956,11,2021-11-01
NAGALAND,2021,DEC,1455,12,2021-12-01
NAGALAND,2022,JAN,1995,1,2022-01-01
NAGALAND,2022,FEB,2133,2,2022-02-01
NAGALAND,2022,MAR,2212,3,2022-03-01
NAGALAND,2022,APR,2479,4,2022-04-01
NAGALAND,2022,MAY,2181,5,2022-05-01
NAGALAND,2022,JUN,2136,6,2022-06-01
NAGALAND,2022,JUL,2101,7,2022-07-01
NAGALAND,2022,AUG,2589,8,2022-08-01
NAGALAND,2022,SEP,2423,9,2022-09-01
NAGALAND,2022,OCT,1882,10,2022-10-01
NAGALAND,2022,NOV,2101,11,2022-11-01
NAGALAND,2022,DEC,1724,12,2022-12-01
NAGALAND,2023,JAN,1857,1,2023-01-01
NAGALAND,2023,FEB,2122,2,2023-02-01
NAGALAND,2023,MAR,2984,3,2023-03-01
NAGALAND,2023,APR,2513,4,2023-04-01
NAGALAND,2023,MAY,2338,5,2023-05-01
NAGALAND,2023,JUN,2052,6,2023-06-01
NAGALAND,2023,JUL,2226,7,2023-07-01
NAGALAND,2023,AUG,2297,8,2023-08-01
NAGALAND,2023,SEP,2327,9,2023-09-01
NAGALAND,2023,OCT,2465,10,2023-10-01
NAGALAND,2023,NOV,2495,11,2023-11-01
NAGALAND,2023,DEC,1695,12,2023-12-01
NAGALAND,2024,JAN,2785,1,2024-01-01
NAGALAND,2024,FEB,2904,2,2024-02-01
NAGALAND,2024,MAR,2614,3,2024-03-01
NAGALAND,2024,APR,2891,4,2024-04-01
NAGALAND,2024,MAY,2884,5,2024-05-01
NAGALAND,2024,JUN,1662,6,2024-06-01
NAGALAND,2024,JUL,2429,7,2024-07-01
NAGALAND,2024,AUG,1948,8,2024-08-01
NAGALAND,2024,SEP,1928,9,2024-09-01
NAGALAND,2024,OCT,2032,10,2024-10-01
NAGALAND,2024,NOV,2009,11,2024-11-01
NAGALAND,2024,DEC,1607,12,2024-12-01
NAGALAND,2025,JAN,2352,1,2025-01-01
NAGALAND,2025,FEB,2372,2,2025-02-01
NAGALAND,2025,MAR,2149,3,2025-03-01
NAGALAND,2025,APR,2540,4,2025-04-01
NAGALAND,2025,MAY,2287,5,2025-05-01
NAGALAND,2025,JUN,2008,6,2025-06-01
NAGALAND,2025,JUL,2505,7,2025-07-01
NAGALAND,2025,AUG,2060,8,2025-08-01
NAGALAND,2025,SEP,2174,9,2025-09-01
NAGALAND,2025,OCT,1205,10,2025-10-01
NAGALAND,2025,NOV,3144,11,2025-11-01
NAGALAND,2025,DEC,2109,12,2025-12-01
NAGALAND,2026,JAN,2897,1,2026-01-01
NAGALAND,2026,FEB,2583,2,2026-02-01
NAGALAND,2026,MAR,2711,3,2026-03-01
NAGALAND,2026,APR,2746,4,2026-04-01
NAGALAND,2026,MAY,2353,5,2026-05-01
NAGALAND,2026,JUN,2457,6,2026-06-01
NAGALAND,2026,JUL,2301,7,2026-07-01
ODISHA,2020,JAN,61602,1,2020-01-01
ODISHA,2020,FEB,63232,2,2020-02-01
ODISHA,2020,MAR,92668,3,2020-03-01
ODISHA,2020,APR,2627,4,2020-04-01
ODISHA,2020,MAY,15197,5,2020-05-01
ODISHA,2020,JUN,43342,6,2020-06-01
ODISHA,2020,JUL,39316,7,2020-07-01
ODISHA,2020,AUG,40031,8,2020-08-01
ODISHA,2020,SEP,48907,9,2020-09-01
ODISHA,2020,OCT,71618,10,2020-10-01
ODISHA,2020,NOV,68945,11,2020-11-01
ODISHA,2020,DEC,53724,12,2020-12-01
ODISHA,2021,JAN,54163,1,2021-01-01
ODISHA,2021,FEB,59841,2,2021-02-01
ODISHA,2021,MAR,59544,3,2021-03-01
ODISHA,2021,APR,46835,4,2021-04-01
ODISHA,2021,MAY,8483,5,2021-05-01
ODISHA,2021,JUN,29583,6,2021-06-01
ODISHA,2021,JUL,48942,7,2021-07-01
ODISHA,2021,AUG,43728,8,2021-08-01
ODISHA,2021,SEP,36999,9,2021-09-01
ODISHA,2021,OCT,62788,10,2021-10-01
ODISHA,2021,NOV,50786,11,2021-11-01
ODISHA,2021,DEC,35045,12,2021-12-01
ODISHA,2022,JAN,56070,1,2022-01-01
ODISHA,2022,FEB,50904,2,2022-02-01
ODISHA,2022,MAR,58716,3,2022-03-01
ODISHA,2022,APR,54626,4,2022-04-01
ODISHA,2022,MAY,48617,5,2022-05-01
ODISHA,2022,JUN,50235,6,2022-06-01
ODISHA,2022,JUL,43215,7,2022-07-01
ODISHA,2022,AUG,40719,8,2022-08-01
ODISHA,2022,SEP,46597,9,2022-09-01
ODISHA,2022,OCT,84076,10,2022-10-01
ODISHA,2022,NOV,49882,11,2022-11-01
ODISHA,2022,DEC,50160,12,2022-12-01
ODISHA,2023,JAN,59968,1,2023-01-01
ODISHA,2023,FEB,60326,2,2023-02-01
ODISHA,2023,MAR,65651,3,2023-03-01
ODISHA,2023,APR,55039,4,2023-04-01
ODISHA,2023,MAY,56810,5,2023-05-01
ODISHA,2023,JUN,54864,6,2023-06-01
ODISHA,2023,JUL,50845,7,2023-07-01
ODISHA,2023,AUG,48658,8,2023-08-01
ODISHA,2023,SEP,58290,9,2023-09-01
ODISHA,2023,OCT,87499,10,2023-10-01
ODISHA,2023,NOV,78701,11,2023-11-01
ODISHA,2023,DEC,63120,12,2023-12-01
ODISHA,2024,JAN,68245,1,2024-01-01
ODISHA,2024,FEB,72066,2,2024-02-01
ODISHA,2024,MAR,85175,3,2024-03-01
ODISHA,2024,APR,71586,4,2024-04-01
ODISHA,2024,MAY,65967,5,2024-05-01
ODISHA,2024,JUN,61202,6,2024-06-01
ODISHA,2024,JUL,61932,7,2024-07-01
ODISHA,2024,AUG,50338,8,2024-08-01
ODISHA,2024,SEP,47231,9,2024-09-01
ODISHA,2024,OCT,108264,10,2024-10-01
ODISHA,2024,NOV,67986,11,2024-11-01
ODISHA,2024,DEC,50969,12,2024-12-01
ODISHA,2025,JAN,69878,1,2025-01-01
ODISHA,2025,FEB,68619,2,2025-02-01
ODISHA,2025,MAR,80584,3,2025-03-01
ODISHA,2025,APR,71043,4,2025-04-01
ODISHA,2025,MAY,68690,5,2025-05-01
ODISHA,2025,JUN,68075,6,2025-06-01
ODISHA,2025,JUL,60190,7,2025-07-01
ODISHA,2025,AUG,56451,8,2025-08-01
ODISHA,2025,SEP,70120,9,2025-09-01
ODISHA,2025,OCT,136366,10,2025-10-01
ODISHA,2025,NOV,73497,11,2025-11-01
ODISHA,2025,DEC,70640,12,2025-12-01
ODISHA,2026,JAN,87223,1,2026-01-01
ODISHA,2026,FEB,84292,2,2026-02-01
ODISHA,2026,MAR,96494,3,2026-03-01
ODISHA,2026,APR,88467,4,2026-04-01
ODISHA,2026,MAY,83202,5,2026-05-01
ODISHA,2026,JUN,81721,6,2026-06-01
ODISHA,2026,JUL,67120,7,2026-07-01
PUDUCHERRY,2020,JAN,5975,1,2020-01-01
PUDUCHERRY,2020,FEB,4452,2,2020-02-01
PUDUCHERRY,2020,MAR,4292,3,2020-03-01
PUDUCHERRY,2020,APR,2,4,2020-04-01
PUDUCHERRY,2020,MAY,1517,5,2020-05-01
PUDUCHERRY,2020,JUN,2980,6,2020-06-01
PUDUCHERRY,2020,JUL,3213,7,2020-07-01
PUDUCHERRY,2020,AUG,3510,8,2020-08-01
PUDUCHERRY,2020,SEP,4691,9,2020-09-01
PUDUCHERRY,2020,OCT,4255,10,2020-10-01
PUDUCHERRY,2020,NOV,4146,11,2020-11-01
PUDUCHERRY,2020,DEC,3152,12,2020-12-01
PUDUCHERRY,2021,JAN,5381,1,2021-01-01
PUDUCHERRY,2021,FEB,4897,2,2021-02-01
PUDUCHERRY,2021,MAR,5130,3,2021-03-01
PUDUCHERRY,2021,APR,3283,4,2021-04-01
PUDUCHERRY,2021,MAY,441,5,2021-05-01
PUDUCHERRY,2021,JUN,3030,6,2021-06-01
PUDUCHERRY,2021,JUL,4478,7,2021-07-01
PUDUCHERRY,2021,AUG,4375,8,2021-08-01
PUDUCHERRY,2021,SEP,3899,9,2021-09-01
PUDUCHERRY,2021,OCT,3478,10,2021-10-01
PUDUCHERRY,2021,NOV,3452,11,2021-11-01
PUDUCHERRY,2021,DEC,3240,12,2021-12-01
PUDUCHERRY,2022,JAN,4850,1,2022-01-01
PUDUCHERRY,2022,FEB,4077,2,2022-02-01
PUDUCHERRY,2022,MAR,4789,3,2022-03-01
PUDUCHERRY,2022,APR,3793,4,2022-04-01
PUDUCHERRY,2022,MAY,3906,5,2022-05-01
PUDUCHERRY,2022,JUN,4192,6,2022-06-01
PUDUCHERRY,2022,JUL,4052,7,2022-07-01
PUDUCHERRY,2022,AUG,4623,8,2022-08-01
PUDUCHERRY,2022,SEP,4690,9,2022-09-01
PUDUCHERRY,2022,OCT,4343,10,2022-10-01
PUDUCHERRY,2022,NOV,3825,11,2022-11-01
PUDUCHERRY,2022,DEC,3158,12,2022-12-01
PUDUCHERRY,2023,JAN,5467,1,2023-01-01
PUDUCHERRY,2023,FEB,4141,2,2023-02-01
PUDUCHERRY,2023,MAR,4762,3,2023-03-01
PUDUCHERRY,2023,APR,3873,4,2023-04-01
PUDUCHERRY,2023,MAY,4739,5,2023-05-01
PUDUCHERRY,2023,JUN,4588,6,2023-06-01
PUDUCHERRY,2023,JUL,4824,7,2023-07-01
PUDUCHERRY,2023,AUG,5198,8,2023-08-01
PUDUCHERRY,2023,SEP,4350,9,2023-09-01
PUDUCHERRY,2023,OCT,4835,10,2023-10-01
PUDUCHERRY,2023,NOV,4762,11,2023-11-01
PUDUCHERRY,2023,DEC,3754,12,2023-12-01
PUDUCHERRY,2024,JAN,6465,1,2024-01-01
PUDUCHERRY,2024,FEB,5831,2,2024-02-01
PUDUCHERRY,2024,MAR,5500,3,2024-03-01
PUDUCHERRY,2024,APR,5341,4,2024-04-01
PUDUCHERRY,2024,MAY,5875,5,2024-05-01
PUDUCHERRY,2024,JUN,5343,6,2024-06-01
PUDUCHERRY,2024,JUL,6201,7,2024-07-01
PUDUCHERRY,2024,AUG,5495,8,2024-08-01
PUDUCHERRY,2024,SEP,5372,9,2024-09-01
PUDUCHERRY,2024,OCT,5466,10,2024-10-01
PUDUCHERRY,2024,NOV,4773,11,2024-11-01
PUDUCHERRY,2024,DEC,3803,12,2024-12-01
PUDUCHERRY,2025,JAN,7681,1,2025-01-01
PUDUCHERRY,2025,FEB,5409,2,2025-02-01
PUDUCHERRY,2025,MAR,5622,3,2025-03-01
PUDUCHERRY,2025,APR,6075,4,2025-04-01
PUDUCHERRY,2025,MAY,5722,5,2025-05-01
PUDUCHERRY,2025,JUN,5938,6,2025-06-01
PUDUCHERRY,2025,JUL,6350,7,2025-07-01
PUDUCHERRY,2025,AUG,5333,8,2025-08-01
PUDUCHERRY,2025,SEP,5141,9,2025-09-01
PUDUCHERRY,2025,OCT,7347,10,2025-10-01
PUDUCHERRY,2025,NOV,5781,11,2025-11-01
PUDUCHERRY,2025,DEC,5658,12,2025-12-01
PUDUCHERRY,2026,JAN,9384,1,2026-01-01
PUDUCHERRY,2026,FEB,7115,2,2026-02-01
PUDUCHERRY,2026,MAR,7740,3,2026-03-01
PUDUCHERRY,2026,APR,6882,4,2026-04-01
PUDUCHERRY,2026,MAY,6573,5,2026-05-01
PUDUCHERRY,2026,JUN,8014,6,2026-06-01
PUDUCHERRY,2026,JUL,6512,7,2026-07-01
PUNJAB,2020,JAN,59367,1,2020-01-01
PUNJAB,2020,FEB,58947,2,2020-02-01
PUNJAB,2020,MAR,89901,3,2020-03-01
PUNJAB,2020,APR,1464,4,2020-04-01
PUNJAB,2020,MAY,6588,5,2020-05-01
PUNJAB,2020,JUN,25254,6,2020-06-01
PUNJAB,2020,JUL,37252,7,2020-07-01
PUNJAB,2020,AUG,35774,8,2020-08-01
PUNJAB,2020,SEP,36376,9,2020-09-01
PUNJAB,2020,OCT,45397,10,2020-10-01
PUNJAB,2020,NOV,62555,11,2020-11-01
PUNJAB,2020,DEC,56931,12,2020-12-01
PUNJAB,2021,JAN,48382,1,2021-01-01
PUNJAB,2021,FEB,44743,2,2021-02-01
PUNJAB,2021,MAR,58514,3,2021-03-01
PUNJAB,2021,APR,38454,4,2021-04-01
PUNJAB,2021,MAY,22963,5,2021-05-01
PUNJAB,2021,JUN,34454,6,2021-06-01
PUNJAB,2021,JUL,40478,7,2021-07-01
PUNJAB,2021,AUG,40805,8,2021-08-01
PUNJAB,2021,SEP,36847,9,2021-09-01
PUNJAB,2021,OCT,42215,10,2021-10-01
PUNJAB,2021,NOV,59333,11,2021-11-01
PUNJAB,2021,DEC,51083,12,2021-12-01
PUNJAB,2022,JAN,42707,1,2022-01-01
PUNJAB,2022,FEB,38693,2,2022-02-01
PUNJAB,2022,MAR,47883,3,2022-03-01
PUNJAB,2022,APR,45704,4,2022-04-01
PUNJAB,2022,MAY,45767,5,2022-05-01
PUNJAB,2022,JUN,42255,6,2022-06-01
PUNJAB,2022,JUL,40924,7,2022-07-01
PUNJAB,2022,AUG,46479,8,2022-08-01
PUNJAB,2022,SEP,40059,9,2022-09-01
PUNJAB,2022,OCT,51669,10,2022-10-01
PUNJAB,2022,NOV,60108,11,2022-11-01
PUNJAB,2022,DEC,54073,12,2022-12-01
PUNJAB,2023,JAN,48880,1,2023-01-01
PUNJAB,2023,FEB,51803,2,2023-02-01
PUNJAB,2023,MAR,56086,3,2023-03-01
PUNJAB,2023,APR,43395,4,2023-04-01
PUNJAB,2023,MAY,50067,5,2023-05-01
PUNJAB,2023,JUN,55813,6,2023-06-01
PUNJAB,2023,JUL,48438,7,2023-07-01
PUNJAB,2023,AUG,50704,8,2023-08-01
PUNJAB,2023,SEP,53612,9,2023-09-01
PUNJAB,2023,OCT,50843,10,2023-10-01
PUNJAB,2023,NOV,66945,11,2023-11-01
PUNJAB,2023,DEC,64572,12,2023-12-01
PUNJAB,2024,JAN,54744,1,2024-01-01
PUNJAB,2024,FEB,55954,2,2024-02-01
PUNJAB,2024,MAR,59487,3,2024-03-01
PUNJAB,2024,APR,54455,4,2024-04-01
PUNJAB,2024,MAY,55157,5,2024-05-01
PUNJAB,2024,JUN,45495,6,2024-06-01
PUNJAB,2024,JUL,57059,7,2024-07-01
PUNJAB,2024,AUG,57696,8,2024-08-01
PUNJAB,2024,SEP,47165,9,2024-09-01
PUNJAB,2024,OCT,65865,10,2024-10-01
PUNJAB,2024,NOV,77623,11,2024-11-01
PUNJAB,2024,DEC,75055,12,2024-12-01
PUNJAB,2025,JAN,63936,1,2025-01-01
PUNJAB,2025,FEB,57272,2,2025-02-01
PUNJAB,2025,MAR,61348,3,2025-03-01
PUNJAB,2025,APR,54305,4,2025-04-01
PUNJAB,2025,MAY,57414,5,2025-05-01
PUNJAB,2025,JUN,53894,6,2025-06-01
PUNJAB,2025,JUL,62186,7,2025-07-01
PUNJAB,2025,AUG,55779,8,2025-08-01
PUNJAB,2025,SEP,48904,9,2025-09-01
PUNJAB,2025,OCT,94108,10,2025-10-01
PUNJAB,2025,NOV,122477,11,2025-11-01
PUNJAB,2025,DEC,69998,12,2025-12-01
PUNJAB,2026,JAN,81994,1,2026-01-01
PUNJAB,2026,FEB,69055,2,2026-02-01
PUNJAB,2026,MAR,71515,3,2026-03-01
PUNJAB,2026,APR,72364,4,2026-04-01
PUNJAB,2026,MAY,67105,5,2026-05-01
PUNJAB,2026,JUN,70642,6,2026-06-01
PUNJAB,2026,JUL,62620,7,2026-07-01
RAJASTHAN,2020,JAN,105425,1,2020-01-01
RAJASTHAN,2020,FEB,110698,2,2020-02-01
RAJASTHAN,2020,MAR,172137,3,2020-03-01
RAJASTHAN,2020,APR,33048,4,2020-04-01
RAJASTHAN,2020,MAY,14568,5,2020-05-01
RAJASTHAN,2020,JUN,63861,6,2020-06-01
RAJASTHAN,2020,JUL,87822,7,2020-07-01
RAJASTHAN,2020,AUG,77386,8,2020-08-01
RAJASTHAN,2020,SEP,66497,9,2020-09-01
RAJASTHAN,2020,OCT,88493,10,2020-10-01
RAJASTHAN,2020,NOV,156887,11,2020-11-01
RAJASTHAN,2020,DEC,132873,12,2020-12-01
RAJASTHAN,2021,JAN,89585,1,2021-01-01
RAJASTHAN,2021,FEB,91364,2,2021-02-01
RAJASTHAN,2021,MAR,96294,3,2021-03-01
RAJASTHAN,2021,APR,69548,4,2021-04-01
RAJASTHAN,2021,MAY,24789,5,2021-05-01
RAJASTHAN,2021,JUN,85455,6,2021-06-01
RAJASTHAN,2021,JUL,99232,7,2021-07-01
RAJASTHAN,2021,AUG,81659,8,2021-08-01
RAJASTHAN,2021,SEP,73360,9,2021-09-01
RAJASTHAN,2021,OCT,90889,10,2021-10-01
RAJASTHAN,2021,NOV,172086,11,2021-11-01
RAJASTHAN,2021,DEC,90480,12,2021-12-01
RAJASTHAN,2022,JAN,78768,1,2022-01-01
RAJASTHAN,2022,FEB,86104,2,2022-02-01
RAJASTHAN,2022,MAR,92765,3,2022-03-01
RAJASTHAN,2022,APR,101618,4,2022-04-01
RAJASTHAN,2022,MAY,110235,5,2022-05-01
RAJASTHAN,2022,JUN,90074,6,2022-06-01
RAJASTHAN,2022,JUL,94392,7,2022-07-01
RAJASTHAN,2022,AUG,89290,8,2022-08-01
RAJASTHAN,2022,SEP,82637,9,2022-09-01
RAJASTHAN,2022,OCT,175387,10,2022-10-01
RAJASTHAN,2022,NOV,198297,11,2022-11-01
RAJASTHAN,2022,DEC,89449,12,2022-12-01
RAJASTHAN,2023,JAN,101911,1,2023-01-01
RAJASTHAN,2023,FEB,97489,2,2023-02-01
RAJASTHAN,2023,MAR,128863,3,2023-03-01
RAJASTHAN,2023,APR,100828,4,2023-04-01
RAJASTHAN,2023,MAY,118816,5,2023-05-01
RAJASTHAN,2023,JUN,108096,6,2023-06-01
RAJASTHAN,2023,JUL,113572,7,2023-07-01
RAJASTHAN,2023,AUG,113163,8,2023-08-01
RAJASTHAN,2023,SEP,120184,9,2023-09-01
RAJASTHAN,2023,OCT,149126,10,2023-10-01
RAJASTHAN,2023,NOV,238579,11,2023-11-01
RAJASTHAN,2023,DEC,134876,12,2023-12-01
RAJASTHAN,2024,JAN,125036,1,2024-01-01
RAJASTHAN,2024,FEB,121277,2,2024-02-01
RAJASTHAN,2024,MAR,130339,3,2024-03-01
RAJASTHAN,2024,APR,117082,4,2024-04-01
RAJASTHAN,2024,MAY,125388,5,2024-05-01
RAJASTHAN,2024,JUN,113154,6,2024-06-01
RAJASTHAN,2024,JUL,128407,7,2024-07-01
RAJASTHAN,2024,AUG,125098,8,2024-08-01
RAJASTHAN,2024,SEP,95197,9,2024-09-01
RAJASTHAN,2024,OCT,194530,10,2024-10-01
RAJASTHAN,2024,NOV,288478,11,2024-11-01
RAJASTHAN,2024,DEC,89873,12,2024-12-01
RAJASTHAN,2025,JAN,127781,1,2025-01-01
RAJASTHAN,2025,FEB,102971,2,2025-02-01
RAJASTHAN,2025,MAR,116926,3,2025-03-01
RAJASTHAN,2025,APR,125932,4,2025-04-01
RAJASTHAN,2025,MAY,118906,5,2025-05-01
RAJASTHAN,2025,JUN,108867,6,2025-06-01
RAJASTHAN,2025,JUL,112581,7,2025-07-01
RAJASTHAN,2025,AUG,113111,8,2025-08-01
RAJASTHAN,2025,SEP,107316,9,2025-09-01
RAJASTHAN,2025,OCT,300940,10,2025-10-01
RAJASTHAN,2025,NOV,252723,11,2025-11-01
RAJASTHAN,2025,DEC,100474,12,2025-12-01
RAJASTHAN,2026,JAN,153417,1,2026-01-01
RAJASTHAN,2026,FEB,128083,2,2026-02-01
RAJASTHAN,2026,MAR,159960,3,2026-03-01
RAJASTHAN,2026,APR,150818,4,2026-04-01
RAJASTHAN,2026,MAY,143955,5,2026-05-01
RAJASTHAN,2026,JUN,134004,6,2026-06-01
RAJASTHAN,2026,JUL,116514,7,2026-07-01
SIKKIM,2020,JAN,1050,1,2020-01-01
SIKKIM,2020,FEB,859,2,2020-02-01
SIKKIM,2020,MAR,900,3,2020-03-01
SIKKIM,2020,APR,69,4,2020-04-01
SIKKIM,2020,MAY,154,5,2020-05-01
SIKKIM,2020,JUN,467,6,2020-06-01
SIKKIM,2020,JUL,314,7,2020-07-01
SIKKIM,2020,AUG,359,8,2020-08-01
SIKKIM,2020,SEP,443,9,2020-09-01
SIKKIM,2020,OCT,726,10,2020-10-01
SIKKIM,2020,NOV,924,11,2020-11-01
SIKKIM,2020,DEC,912,12,2020-12-01
SIKKIM,2021,JAN,765,1,2021-01-01
SIKKIM,2021,FEB,1011,2,2021-02-01
SIKKIM,2021,MAR,1076,3,2021-03-01
SIKKIM,2021,APR,807,4,2021-04-01
SIKKIM,2021,MAY,220,5,2021-05-01
SIKKIM,2021,JUN,507,6,2021-06-01
SIKKIM,2021,JUL,964,7,2021-07-01
SIKKIM,2021,AUG,969,8,2021-08-01
SIKKIM,2021,SEP,960,9,2021-09-01
SIKKIM,2021,OCT,868,10,2021-10-01
SIKKIM,2021,NOV,898,11,2021-11-01
SIKKIM,2021,DEC,944,12,2021-12-01
SIKKIM,2022,JAN,743,1,2022-01-01
SIKKIM,2022,FEB,855,2,2022-02-01
SIKKIM,2022,MAR,942,3,2022-03-01
SIKKIM,2022,APR,935,4,2022-04-01
SIKKIM,2022,MAY,971,5,2022-05-01
SIKKIM,2022,JUN,999,6,2022-06-01
SIKKIM,2022,JUL,907,7,2022-07-01
SIKKIM,2022,AUG,880,8,2022-08-01
SIKKIM,2022,SEP,1081,9,2022-09-01
SIKKIM,2022,OCT,734,10,2022-10-01
SIKKIM,2022,NOV,886,11,2022-11-01
SIKKIM,2022,DEC,623,12,2022-12-01
SIKKIM,2023,JAN,936,1,2023-01-01
SIKKIM,2023,FEB,733,2,2023-02-01
SIKKIM,2023,MAR,1051,3,2023-03-01
SIKKIM,2023,APR,952,4,2023-04-01
SIKKIM,2023,MAY,1017,5,2023-05-01
SIKKIM,2023,JUN,1014,6,2023-06-01
SIKKIM,2023,JUL,831,7,2023-07-01
SIKKIM,2023,AUG,966,8,2023-08-01
SIKKIM,2023,SEP,1088,9,2023-09-01
SIKKIM,2023,OCT,801,10,2023-10-01
SIKKIM,2023,NOV,902,11,2023-11-01
SIKKIM,2023,DEC,718,12,2023-12-01
SIKKIM,2024,JAN,982,1,2024-01-01
SIKKIM,2024,FEB,855,2,2024-02-01
SIKKIM,2024,MAR,901,3,2024-03-01
SIKKIM,2024,APR,874,4,2024-04-01
SIKKIM,2024,MAY,1212,5,2024-05-01
SIKKIM,2024,JUN,1059,6,2024-06-01
SIKKIM,2024,JUL,926,7,2024-07-01
SIKKIM,2024,AUG,965,8,2024-08-01
SIKKIM,2024,SEP,992,9,2024-09-01
SIKKIM,2024,OCT,1109,10,2024-10-01
SIKKIM,2024,NOV,915,11,2024-11-01
SIKKIM,2024,DEC,886,12,2024-12-01
SIKKIM,2025,JAN,733,1,2025-01-01
SIKKIM,2025,FEB,885,2,2025-02-01
SIKKIM,2025,MAR,874,3,2025-03-01
SIKKIM,2025,APR,901,4,2025-04-01
SIKKIM,2025,MAY,965,5,2025-05-01
SIKKIM,2025,JUN,813,6,2025-06-01
SIKKIM,2025,JUL,986,7,2025-07-01
SIKKIM,2025,AUG,800,8,2025-08-01
SIKKIM,2025,SEP,906,9,2025-09-01
SIKKIM,2025,OCT,1007,10,2025-10-01
SIKKIM,2025,NOV,984,11,2025-11-01
SIKKIM,2025,DEC,839,12,2025-12-01
SIKKIM,2026,JAN,1168,1,2026-01-01
SIKKIM,2026,FEB,999,2,2026-02-01
SIKKIM,2026,MAR,1117,3,2026-03-01
SIKKIM,2026,APR,1075,4,2026-04-01
SIKKIM,2026,MAY,1104,5,2026-05-01
SIKKIM,2026,JUN,1107,6,2026-06-01
SIKKIM,2026,JUL,903,7,2026-07-01
TAMIL NADU,2020,JAN,173949,1,2020-01-01
TAMIL NADU,2020,FEB,178896,2,2020-02-01
TAMIL NADU,2020,MAR,178102,3,2020-03-01
TAMIL NADU,2020,APR,38,4,2020-04-01
TAMIL NADU,2020,MAY,32843,5,2020-05-01
TAMIL NADU,2020,JUN,110734,6,2020-06-01
TAMIL NADU,2020,JUL,110767,7,2020-07-01
TAMIL NADU,2020,AUG,128764,8,2020-08-01
TAMIL NADU,2020,SEP,170404,9,2020-09-01
TAMIL NADU,2020,OCT,137058,10,2020-10-01
TAMIL NADU,2020,NOV,147662,11,2020-11-01
TAMIL NADU,2020,DEC,123704,12,2020-12-01
TAMIL NADU,2021,JAN,154983,1,2021-01-01
TAMIL NADU,2021,FEB,183356,2,2021-02-01
TAMIL NADU,2021,MAR,177865,3,2021-03-01
TAMIL NADU,2021,APR,136908,4,2021-04-01
TAMIL NADU,2021,MAY,23225,5,2021-05-01
TAMIL NADU,2021,JUN,56518,6,2021-06-01
TAMIL NADU,2021,JUL,153630,7,2021-07-01
TAMIL NADU,2021,AUG,139406,8,2021-08-01
TAMIL NADU,2021,SEP,137141,9,2021-09-01
TAMIL NADU,2021,OCT,108945,10,2021-10-01
TAMIL NADU,2021,NOV,134675,11,2021-11-01
TAMIL NADU,2021,DEC,108555,12,2021-12-01
TAMIL NADU,2022,JAN,155291,1,2022-01-01
TAMIL NADU,2022,FEB,136803,2,2022-02-01
TAMIL NADU,2022,MAR,159018,3,2022-03-01
TAMIL NADU,2022,APR,135601,4,2022-04-01
TAMIL NADU,2022,MAY,132787,5,2022-05-01
TAMIL NADU,2022,JUN,142470,6,2022-06-01
TAMIL NADU,2022,JUL,131973,7,2022-07-01
TAMIL NADU,2022,AUG,152695,8,2022-08-01
TAMIL NADU,2022,SEP,155030,9,2022-09-01
TAMIL NADU,2022,OCT,139466,10,2022-10-01
TAMIL NADU,2022,NOV,151718,11,2022-11-01
TAMIL NADU,2022,DEC,107905,12,2022-12-01
TAMIL NADU,2023,JAN,172755,1,2023-01-01
TAMIL NADU,2023,FEB,150971,2,2023-02-01
TAMIL NADU,2023,MAR,158870,3,2023-03-01
TAMIL NADU,2023,APR,127955,4,2023-04-01
TAMIL NADU,2023,MAY,142654,5,2023-05-01
TAMIL NADU,2023,JUN,159462,6,2023-06-01
TAMIL NADU,2023,JUL,154539,7,2023-07-01
TAMIL NADU,2023,AUG,167309,8,2023-08-01
TAMIL NADU,2023,SEP,151978,9,2023-09-01
TAMIL NADU,2023,OCT,173581,10,2023-10-01
TAMIL NADU,2023,NOV,153140,11,2023-11-01
TAMIL NADU,2023,DEC,112847,12,2023-12-01
TAMIL NADU,2024,JAN,196082,1,2024-01-01
TAMIL NADU,2024,FEB,184737,2,2024-02-01
TAMIL NADU,2024,MAR,164629,3,2024-03-01
TAMIL NADU,2024,APR,159585,4,2024-04-01
TAMIL NADU,2024,MAY,155077,5,2024-05-01
TAMIL NADU,2024,JUN,155977,6,2024-06-01
TAMIL NADU,2024,JUL,179193,7,2024-07-01
TAMIL NADU,2024,AUG,163991,8,2024-08-01
TAMIL NADU,2024,SEP,158247,9,2024-09-01
TAMIL NADU,2024,OCT,154730,10,2024-10-01
TAMIL NADU,2024,NOV,169037,11,2024-11-01
TAMIL NADU,2024,DEC,112198,12,2024-12-01
TAMIL NADU,2025,JAN,209843,1,2025-01-01
TAMIL NADU,2025,FEB,161634,2,2025-02-01
TAMIL NADU,2025,MAR,157286,3,2025-03-01
TAMIL NADU,2025,APR,167032,4,2025-04-01
TAMIL NADU,2025,MAY,146509,5,2025-05-01
TAMIL NADU,2025,JUN,168982,6,2025-06-01
TAMIL NADU,2025,JUL,180297,7,2025-07-01
TAMIL NADU,2025,AUG,168142,8,2025-08-01
TAMIL NADU,2025,SEP,154083,9,2025-09-01
TAMIL NADU,2025,OCT,231186,10,2025-10-01
TAMIL NADU,2025,NOV,197846,11,2025-11-01
TAMIL NADU,2025,DEC,175675,12,2025-12-01
TAMIL NADU,2026,JAN,259451,1,2026-01-01
TAMIL NADU,2026,FEB,236269,2,2026-02-01
TAMIL NADU,2026,MAR,229169,3,2026-03-01
TAMIL NADU,2026,APR,214116,4,2026-04-01
TAMIL NADU,2026,MAY,184387,5,2026-05-01
TAMIL NADU,2026,JUN,237371,6,2026-06-01
TAMIL NADU,2026,JUL,205885,7,2026-07-01
TELANGANA,2020,JAN,88699,1,2020-01-01
TELANGANA,2020,FEB,98123,2,2020-02-01
TELANGANA,2020,MAR,266775,3,2020-03-01
TELANGANA,2020,APR,64,4,2020-04-01
TELANGANA,2020,MAY,11797,5,2020-05-01
TELANGANA,2020,JUN,51207,6,2020-06-01
TELANGANA,2020,JUL,63169,7,2020-07-01
TELANGANA,2020,AUG,58282,8,2020-08-01
TELANGANA,2020,SEP,91829,9,2020-09-01
TELANGANA,2020,OCT,66220,10,2020-10-01
TELANGANA,2020,NOV,90722,11,2020-11-01
TELANGANA,2020,DEC,89778,12,2020-12-01
TELANGANA,2021,JAN,86669,1,2021-01-01
TELANGANA,2021,FEB,90144,2,2021-02-01
TELANGANA,2021,MAR,89429,3,2021-03-01
TELANGANA,2021,APR,67273,4,2021-04-01
TELANGANA,2021,MAY,17686,5,2021-05-01
TELANGANA,2021,JUN,59527,6,2021-06-01
TELANGANA,2021,JUL,80720,7,2021-07-01
TELANGANA,2021,AUG,74198,8,2021-08-01
TELANGANA,2021,SEP,77048,9,2021-09-01
TELANGANA,2021,OCT,65752,10,2021-10-01
TELANGANA,2021,NOV,83974,11,2021-11-01
TELANGANA,2021,DEC,77098,12,2021-12-01
TELANGANA,2022,JAN,72179,1,2022-01-01
TELANGANA,2022,FEB,68606,2,2022-02-01
TELANGANA,2022,MAR,77343,3,2022-03-01
TELANGANA,2022,APR,68910,4,2022-04-01
TELANGANA,2022,MAY,69949,5,2022-05-01
TELANGANA,2022,JUN,75307,6,2022-06-01
TELANGANA,2022,JUL,73464,7,2022-07-01
TELANGANA,2022,AUG,67692,8,2022-08-01
TELANGANA,2022,SEP,77059,9,2022-09-01
TELANGANA,2022,OCT,79484,10,2022-10-01
TELANGANA,2022,NOV,99101,11,2022-11-01
TELANGANA,2022,DEC,78557,12,2022-12-01
TELANGANA,2023,JAN,82453,1,2023-01-01
TELANGANA,2023,FEB,75008,2,2023-02-01
TELANGANA,2023,MAR,78927,3,2023-03-01
TELANGANA,2023,APR,72963,4,2023-04-01
TELANGANA,2023,MAY,74102,5,2023-05-01
TELANGANA,2023,JUN,75839,6,2023-06-01
TELANGANA,2023,JUL,74492,7,2023-07-01
TELANGANA,2023,AUG,83873,8,2023-08-01
TELANGANA,2023,SEP,76792,9,2023-09-01
TELANGANA,2023,OCT,74362,10,2023-10-01
TELANGANA,2023,NOV,92953,11,2023-11-01
TELANGANA,2023,DEC,90493,12,2023-12-01
TELANGANA,2024,JAN,91335,1,2024-01-01
TELANGANA,2024,FEB,88956,2,2024-02-01
TELANGANA,2024,MAR,86738,3,2024-03-01
TELANGANA,2024,APR,74614,4,2024-04-01
TELANGANA,2024,MAY,81836,5,2024-05-01
TELANGANA,2024,JUN,80180,6,2024-06-01
TELANGANA,2024,JUL,91655,7,2024-07-01
TELANGANA,2024,AUG,75449,8,2024-08-01
TELANGANA,2024,SEP,76182,9,2024-09-01
TELANGANA,2024,OCT,86289,10,2024-10-01
TELANGANA,2024,NOV,117023,11,2024-11-01
TELANGANA,2024,DEC,76134,12,2024-12-01
TELANGANA,2025,JAN,88692,1,2025-01-01
TELANGANA,2025,FEB,73804,2,2025-02-01
TELANGANA,2025,MAR,79158,3,2025-03-01
TELANGANA,2025,APR,79115,4,2025-04-01
TELANGANA,2025,MAY,79771,5,2025-05-01
TELANGANA,2025,JUN,79140,6,2025-06-01
TELANGANA,2025,JUL,80018,7,2025-07-01
TELANGANA,2025,AUG,79796,8,2025-08-01
TELANGANA,2025,SEP,76391,9,2025-09-01
TELANGANA,2025,OCT,103012,10,2025-10-01
TELANGANA,2025,NOV,119045,11,2025-11-01
TELANGANA,2025,DEC,93088,12,2025-12-01
TELANGANA,2026,JAN,94874,1,2026-01-01
TELANGANA,2026,FEB,85761,2,2026-02-01
TELANGANA,2026,MAR,92294,3,2026-03-01
TELANGANA,2026,APR,82634,4,2026-04-01
TELANGANA,2026,MAY,100272,5,2026-05-01
TELANGANA,2026,JUN,92981,6,2026-06-01
TELANGANA,2026,JUL,73778,7,2026-07-01
TRIPURA,2020,JAN,5291,1,2020-01-01
TRIPURA,2020,FEB,5362,2,2020-02-01
TRIPURA,2020,MAR,7300,3,2020-03-01
TRIPURA,2020,APR,72,4,2020-04-01
TRIPURA,2020,MAY,1530,5,2020-05-01
TRIPURA,2020,JUN,3489,6,2020-06-01
TRIPURA,2020,JUL,3687,7,2020-07-01
TRIPURA,2020,AUG,4112,8,2020-08-01
TRIPURA,2020,SEP,4433,9,2020-09-01
TRIPURA,2020,OCT,5324,10,2020-10-01
TRIPURA,2020,NOV,5627,11,2020-11-01
TRIPURA,2020,DEC,4871,12,2020-12-01
TRIPURA,2021,JAN,4445,1,2021-01-01
TRIPURA,2021,FEB,4245,2,2021-02-01
TRIPURA,2021,MAR,4722,3,2021-03-01
TRIPURA,2021,APR,3867,4,2021-04-01
TRIPURA,2021,MAY,2677,5,2021-05-01
TRIPURA,2021,JUN,2083,6,2021-06-01
TRIPURA,2021,JUL,3035,7,2021-07-01
TRIPURA,2021,AUG,3647,8,2021-08-01
TRIPURA,2021,SEP,3723,9,2021-09-01
TRIPURA,2021,OCT,4120,10,2021-10-01
TRIPURA,2021,NOV,4969,11,2021-11-01
TRIPURA,2021,DEC,4803,12,2021-12-01
TRIPURA,2022,JAN,4174,1,2022-01-01
TRIPURA,2022,FEB,3748,2,2022-02-01
TRIPURA,2022,MAR,5121,3,2022-03-01
TRIPURA,2022,APR,4122,4,2022-04-01
TRIPURA,2022,MAY,3942,5,2022-05-01
TRIPURA,2022,JUN,4070,6,2022-06-01
TRIPURA,2022,JUL,3920,7,2022-07-01
TRIPURA,2022,AUG,3872,8,2022-08-01
TRIPURA,2022,SEP,5442,9,2022-09-01
TRIPURA,2022,OCT,4673,10,2022-10-01
TRIPURA,2022,NOV,4750,11,2022-11-01
TRIPURA,2022,DEC,4878,12,2022-12-01
TRIPURA,2023,JAN,4073,1,2023-01-01
TRIPURA,2023,FEB,4113,2,2023-02-01
TRIPURA,2023,MAR,4343,3,2023-03-01
TRIPURA,2023,APR,3714,4,2023-04-01
TRIPURA,2023,MAY,4859,5,2023-05-01
TRIPURA,2023,JUN,4102,6,2023-06-01
TRIPURA,2023,JUL,4648,7,2023-07-01
TRIPURA,2023,AUG,4757,8,2023-08-01
TRIPURA,2023,SEP,4612,9,2023-09-01
TRIPURA,2023,OCT,5620,10,2023-10-01
TRIPURA,2023,NOV,6750,11,2023-11-01
TRIPURA,2023,DEC,5107,12,2023-12-01
TRIPURA,2024,JAN,4937,1,2024-01-01
TRIPURA,2024,FEB,5121,2,2024-02-01
TRIPURA,2024,MAR,6331,3,2024-03-01
TRIPURA,2024,APR,4752,4,2024-04-01
TRIPURA,2024,MAY,5251,5,2024-05-01
TRIPURA,2024,JUN,4836,6,2024-06-01
TRIPURA,2024,JUL,5379,7,2024-07-01
TRIPURA,2024,AUG,4066,8,2024-08-01
TRIPURA,2024,SEP,4892,9,2024-09-01
TRIPURA,2024,OCT,7433,10,2024-10-01
TRIPURA,2024,NOV,5945,11,2024-11-01
TRIPURA,2024,DEC,4728,12,2024-12-01
TRIPURA,2025,JAN,4865,1,2025-01-01
TRIPURA,2025,FEB,4763,2,2025-02-01
TRIPURA,2025,MAR,5069,3,2025-03-01
TRIPURA,2025,APR,4305,4,2025-04-01
TRIPURA,2025,MAY,4008,5,2025-05-01
TRIPURA,2025,JUN,4608,6,2025-06-01
TRIPURA,2025,JUL,4325,7,2025-07-01
TRIPURA,2025,AUG,3867,8,2025-08-01
TRIPURA,2025,SEP,3816,9,2025-09-01
TRIPURA,2025,OCT,5874,10,2025-10-01
TRIPURA,2025,NOV,5469,11,2025-11-01
TRIPURA,2025,DEC,5001,12,2025-12-01
TRIPURA,2026,JAN,4824,1,2026-01-01
TRIPURA,2026,FEB,4745,2,2026-02-01
TRIPURA,2026,MAR,4845,3,2026-03-01
TRIPURA,2026,APR,4377,4,2026-04-01
TRIPURA,2026,MAY,4347,5,2026-05-01
TRIPURA,2026,JUN,4620,6,2026-06-01
TRIPURA,2026,JUL,3642,7,2026-07-01
UT OF DNH AND DD,2020,JAN,1849,1,2020-01-01
UT OF DNH AND DD,2020,FEB,363,2,2020-02-01
UT OF DNH AND DD,2020,MAR,2695,3,2020-03-01
UT OF DNH AND DD,2020,APR,757,4,2020-04-01
UT OF DNH AND DD,2020,MAY,50,5,2020-05-01
UT OF DNH AND DD,2020,JUN,263,6,2020-06-01
UT OF DNH AND DD,2020,JUL,665,7,2020-07-01
UT OF DNH AND DD,2020,AUG,1153,8,2020-08-01
UT OF DNH AND DD,2020,SEP,1138,9,2020-09-01
UT OF DNH AND DD,2020,OCT,1176,10,2020-10-01
UT OF DNH AND DD,2020,NOV,1530,11,2020-11-01
UT OF DNH AND DD,2020,DEC,1499,12,2020-12-01
UT OF DNH AND DD,2021,JAN,2146,1,2021-01-01
UT OF DNH AND DD,2021,FEB,1631,2,2021-02-01
UT OF DNH AND DD,2021,MAR,1479,3,2021-03-01
UT OF DNH AND DD,2021,APR,1193,4,2021-04-01
UT OF DNH AND DD,2021,MAY,738,5,2021-05-01
UT OF DNH AND DD,2021,JUN,949,6,2021-06-01
UT OF DNH AND DD,2021,JUL,1114,7,2021-07-01
UT OF DNH AND DD,2021,AUG,1125,8,2021-08-01
UT OF DNH AND DD,2021,SEP,1315,9,2021-09-01
UT OF DNH AND DD,2021,OCT,1287,10,2021-10-01
UT OF DNH AND DD,2021,NOV,1673,11,2021-11-01
UT OF DNH AND DD,2021,DEC,1746,12,2021-12-01
UT OF DNH AND DD,2022,JAN,1730,1,2022-01-01
UT OF DNH AND DD,2022,FEB,1602,2,2022-02-01
UT OF DNH AND DD,2022,MAR,1473,3,2022-03-01
UT OF DNH AND DD,2022,APR,1590,4,2022-04-01
UT OF DNH AND DD,2022,MAY,1405,5,2022-05-01
UT OF DNH AND DD,2022,JUN,1423,6,2022-06-01
UT OF DNH AND DD,2022,JUL,1344,7,2022-07-01
UT OF DNH AND DD,2022,AUG,1340,8,2022-08-01
UT OF DNH AND DD,2022,SEP,1367,9,2022-09-01
UT OF DNH AND DD,2022,OCT,1523,10,2022-10-01
UT OF DNH AND DD,2022,NOV,2210,11,2022-11-01
UT OF DNH AND DD,2022,DEC,1818,12,2022-12-01
UT OF DNH AND DD,2023,JAN,1552,1,2023-01-01
UT OF DNH AND DD,2023,FEB,1662,2,2023-02-01
UT OF DNH AND DD,2023,MAR,1892,3,2023-03-01
UT OF DNH AND DD,2023,APR,1479,4,2023-04-01
UT OF DNH AND DD,2023,MAY,1612,5,2023-05-01
UT OF DNH AND DD,2023,JUN,1526,6,2023-06-01
UT OF DNH AND DD,2023,JUL,1743,7,2023-07-01
UT OF DNH AND DD,2023,AUG,1469,8,2023-08-01
UT OF DNH AND DD,2023,SEP,1787,9,2023-09-01
UT OF DNH AND DD,2023,OCT,2569,10,2023-10-01
UT OF DNH AND DD,2023,NOV,2430,11,2023-11-01
UT OF DNH AND DD,2023,DEC,2576,12,2023-12-01
UT OF DNH AND DD,2024,JAN,2263,1,2024-01-01
UT OF DNH AND DD,2024,FEB,2269,2,2024-02-01
UT OF DNH AND DD,2024,MAR,1698,3,2024-03-01
UT OF DNH AND DD,2024,APR,2036,4,2024-04-01
UT OF DNH AND DD,2024,MAY,1786,5,2024-05-01
UT OF DNH AND DD,2024,JUN,1517,6,2024-06-01
UT OF DNH AND DD,2024,JUL,2010,7,2024-07-01
UT OF DNH AND DD,2024,AUG,1899,8,2024-08-01
UT OF DNH AND DD,2024,SEP,1825,9,2024-09-01
UT OF DNH AND DD,2024,OCT,2657,10,2024-10-01
UT OF DNH AND DD,2024,NOV,2284,11,2024-11-01
UT OF DNH AND DD,2024,DEC,1966,12,2024-12-01
UT OF DNH AND DD,2025,JAN,2649,1,2025-01-01
UT OF DNH AND DD,2025,FEB,1895,2,2025-02-01
UT OF DNH AND DD,2025,MAR,1852,3,2025-03-01
UT OF DNH AND DD,2025,APR,2481,4,2025-04-01
UT OF DNH AND DD,2025,MAY,1757,5,2025-05-01
UT OF DNH AND DD,2025,JUN,1526,6,2025-06-01
UT OF DNH AND DD,2025,JUL,2034,7,2025-07-01
UT OF DNH AND DD,2025,AUG,1965,8,2025-08-01
UT OF DNH AND DD,2025,SEP,1805,9,2025-09-01
UT OF DNH AND DD,2025,OCT,2526,10,2025-10-01
UT OF DNH AND DD,2025,NOV,3760,11,2025-11-01
UT OF DNH AND DD,2025,DEC,2913,12,2025-12-01
UT OF DNH AND DD,2026,JAN,2433,1,2026-01-01
UT OF DNH AND DD,2026,FEB,2409,2,2026-02-01
UT OF DNH AND DD,2026,MAR,2197,3,2026-03-01
UT OF DNH AND DD,2026,APR,1837,4,2026-04-01
UT OF DNH AND DD,2026,MAY,1917,5,2026-05-01
UT OF DNH AND DD,2026,JUN,2217,6,2026-06-01
UT OF DNH AND DD,2026,JUL,1790,7,2026-07-01
UTTAR PRADESH,2020,JAN,306789,1,2020-01-01
UTTAR PRADESH,2020,FEB,274288,2,2020-02-01
UTTAR PRADESH,2020,MAR,396816,3,2020-03-01
UTTAR PRADESH,2020,APR,180125,4,2020-04-01
UTTAR PRADESH,2020,MAY,16798,5,2020-05-01
UTTAR PRADESH,2020,JUN,161198,6,2020-06-01
UTTAR PRADESH,2020,JUL,201447,7,2020-07-01
UTTAR PRADESH,2020,AUG,165912,8,2020-08-01
UTTAR PRADESH,2020,SEP,167592,9,2020-09-01
UTTAR PRADESH,2020,OCT,153996,10,2020-10-01
UTTAR PRADESH,2020,NOV,211488,11,2020-11-01
UTTAR PRADESH,2020,DEC,389447,12,2020-12-01
UTTAR PRADESH,2021,JAN,273072,1,2021-01-01
UTTAR PRADESH,2021,FEB,198605,2,2021-02-01
UTTAR PRADESH,2021,MAR,236523,3,2021-03-01
UTTAR PRADESH,2021,APR,176959,4,2021-04-01
UTTAR PRADESH,2021,MAY,167941,5,2021-05-01
UTTAR PRADESH,2021,JUN,309227,6,2021-06-01
UTTAR PRADESH,2021,JUL,267216,7,2021-07-01
UTTAR PRADESH,2021,AUG,194435,8,2021-08-01
UTTAR PRADESH,2021,SEP,181724,9,2021-09-01
UTTAR PRADESH,2021,OCT,174322,10,2021-10-01
UTTAR PRADESH,2021,NOV,277945,11,2021-11-01
UTTAR PRADESH,2021,DEC,337706,12,2021-12-01
UTTAR PRADESH,2022,JAN,233981,1,2022-01-01
UTTAR PRADESH,2022,FEB,218489,2,2022-02-01
UTTAR PRADESH,2022,MAR,242288,3,2022-03-01
UTTAR PRADESH,2022,APR,287981,4,2022-04-01
UTTAR PRADESH,2022,MAY,334345,5,2022-05-01
UTTAR PRADESH,2022,JUN,257851,6,2022-06-01
UTTAR PRADESH,2022,JUL,214785,7,2022-07-01
UTTAR PRADESH,2022,AUG,190862,8,2022-08-01
UTTAR PRADESH,2022,SEP,152434,9,2022-09-01
UTTAR PRADESH,2022,OCT,333476,10,2022-10-01
UTTAR PRADESH,2022,NOV,351169,11,2022-11-01
UTTAR PRADESH,2022,DEC,195946,12,2022-12-01
UTTAR PRADESH,2023,JAN,254331,1,2023-01-01
UTTAR PRADESH,2023,FEB,260706,2,2023-02-01
UTTAR PRADESH,2023,MAR,285525,3,2023-03-01
UTTAR PRADESH,2023,APR,267340,4,2023-04-01
UTTAR PRADESH,2023,MAY,376403,5,2023-05-01
UTTAR PRADESH,2023,JUN,298886,6,2023-06-01
UTTAR PRADESH,2023,JUL,235593,7,2023-07-01
UTTAR PRADESH,2023,AUG,225086,8,2023-08-01
UTTAR PRADESH,2023,SEP,219824,9,2023-09-01
UTTAR PRADESH,2023,OCT,243428,10,2023-10-01
UTTAR PRADESH,2023,NOV,483076,11,2023-11-01
UTTAR PRADESH,2023,DEC,294180,12,2023-12-01
UTTAR PRADESH,2024,JAN,282408,1,2024-01-01
UTTAR PRADESH,2024,FEB,293398,2,2024-02-01
UTTAR PRADESH,2024,MAR,297084,3,2024-03-01
UTTAR PRADESH,2024,APR,371832,4,2024-04-01
UTTAR PRADESH,2024,MAY,334342,5,2024-05-01
UTTAR PRADESH,2024,JUN,273200,6,2024-06-01
UTTAR PRADESH,2024,JUL,282843,7,2024-07-01
UTTAR PRADESH,2024,AUG,243199,8,2024-08-01
UTTAR PRADESH,2024,SEP,193188,9,2024-09-01
UTTAR PRADESH,2024,OCT,367257,10,2024-10-01
UTTAR PRADESH,2024,NOV,582601,11,2024-11-01
UTTAR PRADESH,2024,DEC,236775,12,2024-12-01
UTTAR PRADESH,2025,JAN,312895,1,2025-01-01
UTTAR PRADESH,2025,FEB,290696,2,2025-02-01
UTTAR PRADESH,2025,MAR,304375,3,2025-03-01
UTTAR PRADESH,2025,APR,405729,4,2025-04-01
UTTAR PRADESH,2025,MAY,408435,5,2025-05-01
UTTAR PRADESH,2025,JUN,289095,6,2025-06-01
UTTAR PRADESH,2025,JUL,246924,7,2025-07-01
UTTAR PRADESH,2025,AUG,227819,8,2025-08-01
UTTAR PRADESH,2025,SEP,213002,9,2025-09-01
UTTAR PRADESH,2025,OCT,611315,10,2025-10-01
UTTAR PRADESH,2025,NOV,558113,11,2025-11-01
UTTAR PRADESH,2025,DEC,232335,12,2025-12-01
UTTAR PRADESH,2026,JAN,368362,1,2026-01-01
UTTAR PRADESH,2026,FEB,335969,2,2026-02-01
UTTAR PRADESH,2026,MAR,367117,3,2026-03-01
UTTAR PRADESH,2026,APR,418063,4,2026-04-01
UTTAR PRADESH,2026,MAY,411289,5,2026-05-01
UTTAR PRADESH,2026,JUN,346528,6,2026-06-01
UTTAR PRADESH,2026,JUL,255190,7,2026-07-01
UTTARAKHAND,2020,JAN,18959,1,2020-01-01
UTTARAKHAND,2020,FEB,17915,2,2020-02-01
UTTARAKHAND,2020,MAR,19278,3,2020-03-01
UTTARAKHAND,2020,APR,8039,4,2020-04-01
UTTARAKHAND,2020,MAY,891,5,2020-05-01
UTTARAKHAND,2020,JUN,9882,6,2020-06-01
UTTARAKHAND,2020,JUL,15704,7,2020-07-01
UTTARAKHAND,2020,AUG,15949,8,2020-08-01
UTTARAKHAND,2020,SEP,12986,9,2020-09-01
UTTARAKHAND,2020,OCT,16765,10,2020-10-01
UTTARAKHAND,2020,NOV,27217,11,2020-11-01
UTTARAKHAND,2020,DEC,21737,12,2020-12-01
UTTARAKHAND,2021,JAN,19322,1,2021-01-01
UTTARAKHAND,2021,FEB,17263,2,2021-02-01
UTTARAKHAND,2021,MAR,19113,3,2021-03-01
UTTARAKHAND,2021,APR,11148,4,2021-04-01
UTTARAKHAND,2021,MAY,4338,5,2021-05-01
UTTARAKHAND,2021,JUN,13716,6,2021-06-01
UTTARAKHAND,2021,JUL,17751,7,2021-07-01
UTTARAKHAND,2021,AUG,16303,8,2021-08-01
UTTARAKHAND,2021,SEP,14449,9,2021-09-01
UTTARAKHAND,2021,OCT,17783,10,2021-10-01
UTTARAKHAND,2021,NOV,26131,11,2021-11-01
UTTARAKHAND,2021,DEC,18697,12,2021-12-01
UTTARAKHAND,2022,JAN,16162,1,2022-01-01
UTTARAKHAND,2022,FEB,14560,2,2022-02-01
UTTARAKHAND,2022,MAR,17409,3,2022-03-01
UTTARAKHAND,2022,APR,18782,4,2022-04-01
UTTARAKHAND,2022,MAY,18700,5,2022-05-01
UTTARAKHAND,2022,JUN,19143,6,2022-06-01
UTTARAKHAND,2022,JUL,18400,7,2022-07-01
UTTARAKHAND,2022,AUG,18109,8,2022-08-01
UTTARAKHAND,2022,SEP,14237,9,2022-09-01
UTTARAKHAND,2022,OCT,26489,10,2022-10-01
UTTARAKHAND,2022,NOV,32546,11,2022-11-01
UTTARAKHAND,2022,DEC,16503,12,2022-12-01
UTTARAKHAND,2023,JAN,20005,1,2023-01-01
UTTARAKHAND,2023,FEB,17068,2,2023-02-01
UTTARAKHAND,2023,MAR,20071,3,2023-03-01
UTTARAKHAND,2023,APR,19793,4,2023-04-01
UTTARAKHAND,2023,MAY,21998,5,2023-05-01
UTTARAKHAND,2023,JUN,20250,6,2023-06-01
UTTARAKHAND,2023,JUL,19516,7,2023-07-01
UTTARAKHAND,2023,AUG,19411,8,2023-08-01
UTTARAKHAND,2023,SEP,18992,9,2023-09-01
UTTARAKHAND,2023,OCT,20560,10,2023-10-01
UTTARAKHAND,2023,NOV,32185,11,2023-11-01
UTTARAKHAND,2023,DEC,27076,12,2023-12-01
UTTARAKHAND,2024,JAN,19187,1,2024-01-01
UTTARAKHAND,2024,FEB,21711,2,2024-02-01
UTTARAKHAND,2024,MAR,19373,3,2024-03-01
UTTARAKHAND,2024,APR,21263,4,2024-04-01
UTTARAKHAND,2024,MAY,25756,5,2024-05-01
UTTARAKHAND,2024,JUN,20693,6,2024-06-01
UTTARAKHAND,2024,JUL,22722,7,2024-07-01
UTTARAKHAND,2024,AUG,19996,8,2024-08-01
UTTARAKHAND,2024,SEP,18839,9,2024-09-01
UTTARAKHAND,2024,OCT,28781,10,2024-10-01
UTTARAKHAND,2024,NOV,43278,11,2024-11-01
UTTARAKHAND,2024,DEC,20199,12,2024-12-01
UTTARAKHAND,2025,JAN,22722,1,2025-01-01
UTTARAKHAND,2025,FEB,19149,2,2025-02-01
UTTARAKHAND,2025,MAR,19260,3,2025-03-01
UTTARAKHAND,2025,APR,24224,4,2025-04-01
UTTARAKHAND,2025,MAY,24022,5,2025-05-01
UTTARAKHAND,2025,JUN,21117,6,2025-06-01
UTTARAKHAND,2025,JUL,21437,7,2025-07-01
UTTARAKHAND,2025,AUG,19718,8,2025-08-01
UTTARAKHAND,2025,SEP,17989,9,2025-09-01
UTTARAKHAND,2025,OCT,42894,10,2025-10-01
UTTARAKHAND,2025,NOV,43996,11,2025-11-01
UTTARAKHAND,2025,DEC,19254,12,2025-12-01
UTTARAKHAND,2026,JAN,28389,1,2026-01-01
UTTARAKHAND,2026,FEB,22884,2,2026-02-01
UTTARAKHAND,2026,MAR,23154,3,2026-03-01
UTTARAKHAND,2026,APR,27790,4,2026-04-01
UTTARAKHAND,2026,MAY,25749,5,2026-05-01
UTTARAKHAND,2026,JUN,23926,6,2026-06-01
UTTARAKHAND,2026,JUL,24068,7,2026-07-01
WEST BENGAL,2020,JAN,84172,1,2020-01-01
WEST BENGAL,2020,FEB,111146,2,2020-02-01
WEST BENGAL,2020,MAR,173054,3,2020-03-01
WEST BENGAL,2020,APR,38886,4,2020-04-01
WEST BENGAL,2020,MAY,1056,5,2020-05-01
WEST BENGAL,2020,JUN,40615,6,2020-06-01
WEST BENGAL,2020,JUL,77137,7,2020-07-01
WEST BENGAL,2020,AUG,76982,8,2020-08-01
WEST BENGAL,2020,SEP,120618,9,2020-09-01
WEST BENGAL,2020,OCT,99213,10,2020-10-01
WEST BENGAL,2020,NOV,102194,11,2020-11-01
WEST BENGAL,2020,DEC,130135,12,2020-12-01
WEST BENGAL,2021,JAN,87150,1,2021-01-01
WEST BENGAL,2021,FEB,85089,2,2021-02-01
WEST BENGAL,2021,MAR,97235,3,2021-03-01
WEST BENGAL,2021,APR,78137,4,2021-04-01
WEST BENGAL,2021,MAY,35166,5,2021-05-01
WEST BENGAL,2021,JUN,77518,6,2021-06-01
WEST BENGAL,2021,JUL,90818,7,2021-07-01
WEST BENGAL,2021,AUG,78190,8,2021-08-01
WEST BENGAL,2021,SEP,80205,9,2021-09-01
WEST BENGAL,2021,OCT,63873,10,2021-10-01
WEST BENGAL,2021,NOV,93556,11,2021-11-01
WEST BENGAL,2021,DEC,87790,12,2021-12-01
WEST BENGAL,2022,JAN,74153,1,2022-01-01
WEST BENGAL,2022,FEB,69681,2,2022-02-01
WEST BENGAL,2022,MAR,88885,3,2022-03-01
WEST BENGAL,2022,APR,82758,4,2022-04-01
WEST BENGAL,2022,MAY,81985,5,2022-05-01
WEST BENGAL,2022,JUN,81889,6,2022-06-01
WEST BENGAL,2022,JUL,76707,7,2022-07-01
WEST BENGAL,2022,AUG,77005,8,2022-08-01
WEST BENGAL,2022,SEP,81535,9,2022-09-01
WEST BENGAL,2022,OCT,59827,10,2022-10-01
WEST BENGAL,2022,NOV,116080,11,2022-11-01
WEST BENGAL,2022,DEC,81573,12,2022-12-01
WEST BENGAL,2023,JAN,66089,1,2023-01-01
WEST BENGAL,2023,FEB,80361,2,2023-02-01
WEST BENGAL,2023,MAR,88346,3,2023-03-01
WEST BENGAL,2023,APR,66969,4,2023-04-01
WEST BENGAL,2023,MAY,91311,5,2023-05-01
WEST BENGAL,2023,JUN,78315,6,2023-06-01
WEST BENGAL,2023,JUL,80626,7,2023-07-01
WEST BENGAL,2023,AUG,79044,8,2023-08-01
WEST BENGAL,2023,SEP,72846,9,2023-09-01
WEST BENGAL,2023,OCT,81187,10,2023-10-01
WEST BENGAL,2023,NOV,112389,11,2023-11-01
WEST BENGAL,2023,DEC,104792,12,2023-12-01
WEST BENGAL,2024,JAN,88872,1,2024-01-01
WEST BENGAL,2024,FEB,89287,2,2024-02-01
WEST BENGAL,2024,MAR,84702,3,2024-03-01
WEST BENGAL,2024,APR,98864,4,2024-04-01
WEST BENGAL,2024,MAY,100378,5,2024-05-01
WEST BENGAL,2024,JUN,92664,6,2024-06-01
WEST BENGAL,2024,JUL,114407,7,2024-07-01
WEST BENGAL,2024,AUG,86822,8,2024-08-01
WEST BENGAL,2024,SEP,88846,9,2024-09-01
WEST BENGAL,2024,OCT,113874,10,2024-10-01
WEST BENGAL,2024,NOV,126964,11,2024-11-01
WEST BENGAL,2024,DEC,99274,12,2024-12-01
WEST BENGAL,2025,JAN,97170,1,2025-01-01
WEST BENGAL,2025,FEB,87629,2,2025-02-01
WEST BENGAL,2025,MAR,95023,3,2025-03-01
WEST BENGAL,2025,APR,110454,4,2025-04-01
WEST BENGAL,2025,MAY,109258,5,2025-05-01
WEST BENGAL,2025,JUN,101313,6,2025-06-01
WEST BENGAL,2025,JUL,90967,7,2025-07-01
WEST BENGAL,2025,AUG,77848,8,2025-08-01
WEST BENGAL,2025,SEP,90047,9,2025-09-01
WEST BENGAL,2025,OCT,149908,10,2025-10-01
WEST BENGAL,2025,NOV,144996,11,2025-11-01
WEST BENGAL,2025,DEC,131766,12,2025-12-01
WEST BENGAL,2026,JAN,121090,1,2026-01-01
WEST BENGAL,2026,FEB,113741,2,2026-02-01
WEST BENGAL,2026,MAR,118511,3,2026-03-01
WEST BENGAL,2026,APR,110937,4,2026-04-01
WEST BENGAL,2026,MAY,118131,5,2026-05-01
WEST BENGAL,2026,JUN,128870,6,2026-06-01
WEST BENGAL,2026,JUL,105602,7,2026-07-01
